cookie_id,score
ck_315fb710a0e371e7,0.009684825335125847
ck_a76ee3b3e3e522fd,0.13457191674203964
ck_94c9a4d382689e82,0.023965991040196758
ck_8eaf9509ad9462a0,0.009506968448526146
ck_9a88a5a989cb5bc6,0.0075489297299261154
ck_15239ef0689c1a35,0.0156499505247733
ck_8de69cd219d3b87f,0.1759735648286879
ck_f92cd37022b0ce21,0.021754720591110846
ck_1a3ff7620580a514,0.004956770473349267
ck_397c03aa33a57310,0.11150643843943298
ck_a7cf6c3b322f6b7a,0.015892737309619563
ck_c39a9e75760e3201,0.047035867233315314
ck_88ab6d245228c38e,0.007549353028593966
ck_17733f75ebdea93e,0.08651610917308061
ck_58eb871e8d7bed52,0.007521836192357709
ck_e55b7fa67db1ec27,0.010306076310167486
ck_62f5cfe22c952694,0.03680299042907102
ck_7fbb709a0fe95759,0.006762243797327288
ck_87abe9cd066a20fb,0.02670663296582586
ck_d58e058b5c553dd5,0.011271595177026923
ck_d27b872648b71202,0.008435915721678136
ck_4b4a3c5b95c55b43,0.0072730386911624145
ck_66dd4f4b4127256d,0.0032825881141927207
ck_93cc12703b500613,0.0469519307560607
ck_d28806a2179092eb,0.9914160041065005
ck_0595c2a0c7881e05,0.02474706946914706
ck_50087d8666191144,0.11182742501164768
ck_b08b3f089138c901,0.004479256853197433
ck_fe3b67041dad2dd1,0.022185922780537822
ck_8449a28f7d475d93,0.02047872335903257
ck_8642e3b6d84f49d3,0.028064595672877987
ck_e49b5e4f2f2e79db,0.5826322885189956
ck_437afe412ea4259c,0.1688402909113505
ck_569b83668d74042d,0.06059618601332062
ck_233a487d31c3e631,0.965797360275444
ck_1fca72e03143a645,0.6584296333139085
ck_79205e31223df2ad,0.042418468380280634
ck_9625a64406ea16e3,0.04150253352270691
ck_079bd18dacb704a8,0.18450457679301557
ck_4db6d4fd2b49aa81,0.008206926868938013
ck_0dbefdac0a1868fb,0.014071980801181008
ck_24ff97ad90bdd69a,0.08626055274799532
ck_77f8c5042065d506,0.015331443525971121
ck_f11be8ce05382cec,0.07382850234150912
ck_c9d72140b0389216,0.04870259601546316
ck_69eda24e931fb36a,0.006821275745183964
ck_ed471e496916ee15,0.024807198166752857
ck_ff090498c4b17ac3,0.00601652882850169
ck_c3c19d6a0720915c,0.007058285232634129
ck_af02e1817cfa40b5,0.5650873992084838
ck_2df5a9fc87553eb1,0.00681523909982621
ck_4ac918e884cff336,0.03323119234300075
ck_ca149244b54ef3ad,0.004397776620935781
ck_6babe5b8674ff51f,0.003226188844794089
ck_1573878386886290,0.007010990129526337
ck_3925f8565abb7fe4,0.025512097952373105
ck_c4de808ae69c771f,0.009305472248292944
ck_a777c813551281fe,0.01815389512341738
ck_df4424f6dd85080d,0.0642221521231464
ck_85e5494ec20383ae,0.013774553341295018
ck_f71a4094e889c3af,0.009777951131509888
ck_f2f3cf9cd23b2809,0.059627620353135534
ck_18e2076397bcc211,0.056215190661984604
ck_c9f9fddef39bc664,0.04896584659222035
ck_7e826e233d6ea028,0.007117392632183716
ck_62fd7eb46bee9210,0.008317884668971156
ck_206f8e3cd72768f3,0.021753294435947958
ck_aa295a11b0a6ab36,0.04946121578148101
ck_9a56739d81f84a53,0.013034902226045258
ck_aa075c418ed9fe5a,0.03248086666814243
ck_62b9fb3db284941b,0.04235538460617117
ck_f4f83b1403ebea46,0.007379861005648583
ck_16b66bd803288bc3,0.2832990924677659
ck_c4ca1434f3778f1d,0.9857181654628455
ck_1b823610371a29c0,0.0037146312771179696
ck_c2bd5a722aa637d9,0.14202477510086967
ck_7890208951df34f0,0.04126928786331149
ck_020eb0e454524ecd,0.003580341756887652
ck_3b66196ccf436c35,0.003123803852321739
ck_109fc467ec0a4af5,0.1251976918713545
ck_f3dcd818db92de7b,0.017602753092580716
ck_31e7742f160980ef,0.014704089552074669
ck_77fce5f86f00b8f4,0.12511180350359594
ck_46bc797b4d07d607,0.00965438519809461
ck_37899b1b571b1c6b,0.0070647922500436285
ck_ef8a6af43fedd464,0.01497581763632669
ck_bcc8519fe8521038,0.01704052766513976
ck_90696b7182dd9129,0.005796910610948043
ck_4a24ad61d017e1ba,0.02236852524250067
ck_0acc3d8c67218b9d,0.11409972372183994
ck_05c97fc9de11aba6,0.12352692985444282
ck_f8ac3a0500c0ec62,0.006087143736357501
ck_617b65141f546a1c,0.030043597247663745
ck_9d00823bf60388d7,0.06920266649501865
ck_123c15d93f1840f2,0.6514185663056131
ck_573feefba6bf78bb,0.08303138127986205
ck_b25657bd16739036,0.013187287854406687
ck_bd26d2bef14a8597,0.014259527052851011
ck_a553418f2fba1440,0.008868210472037667
ck_89f3e380b0686963,0.014711931628396091
ck_b359192aa659bdce,0.010611328431721714
ck_02241f3dc301bebf,0.006178639940591364
ck_5ccc1a1c78cb33ee,0.042217185936907896
ck_349cc5edda1b8853,0.04262399182175727
ck_e9f228845bf6e28b,0.07253992981774358
ck_0a45d033d4e280ea,0.02787090663735623
ck_7e63168dda612235,0.004382159644144037
ck_676fa5f6aae5475b,0.05393315671785627
ck_74b502b20690ccfe,0.026286806182220006
ck_073509af21dd7f5f,0.5033357243739304
ck_498a0acd450944d8,0.011889122853326757
ck_7f15b50b29dead01,0.06201133073780951
ck_8089fe7403c5f537,0.007184483861099301
ck_05b2b04e11d9ae9c,0.13626980299523714
ck_31e70f2f04b48b88,0.009638279377331629
ck_994316fa5a02b319,0.004750541625364623
ck_b76510998b9a2260,0.011214295044647365
ck_4db95c310e105d30,0.009751379143311202
ck_6f730b77dc6cdb84,0.14831394750599453
ck_2493ee8e7b91d304,0.02265463654225523
ck_92d679d6ac7dcdcb,0.14931443545296746
ck_3a0e0200cbb185cb,0.5410076628369092
ck_0b2eeb4e00ff7955,0.00932025192721189
ck_9843d0e61c37ebe8,0.9930453174904158
ck_e61c8721e3ef1921,0.0037465162728865216
ck_2e0eedaaf2980c2c,0.39124002128731106
ck_9036b2e5e9298a34,0.32647860862186107
ck_3265442528d51728,0.12300395739342815
ck_f2ddae2eb1cb29b4,0.048035501851011346
ck_6cfa71d27fc27f92,0.012872140566615157
ck_f3199fbe84a28b9a,0.03120530556294235
ck_b78d785ca3ef773a,0.009896818814202391
ck_374865697f1480eb,0.00816655647260608
ck_06d0e4a9189302a9,0.032942118248607447
ck_9c9884b9bcaa552e,0.08707475437355719
ck_fd4cf578e87703ff,0.020909803414506954
ck_1917ef3e6e345549,0.0479920426618361
ck_e70418b00cbbbac9,0.0565409233947879
ck_a60388296a47062c,0.027527796576833213
ck_d598fe8d2c779ab9,0.01750240546249513
ck_646dc03de4c31803,0.35172213196555396
ck_e4fd8cbd842b6993,0.013076066357254093
ck_2225b555aa2a42ed,0.018099408563961316
ck_6be8ae9d78148882,0.02590586760690534
ck_4199342d3aca74e8,0.017677451353344652
ck_779581adb573261f,0.05071139226492836
ck_bb303568b6915205,0.025710627399221756
ck_17c4296276448afe,0.026560441958945368
ck_a60a61ac829252a0,0.00733443163317338
ck_6ea70950c1cae00b,0.9932124624434611
ck_1abb93f6924645e1,0.017047383775587992
ck_faab769cce19879a,0.02227311644562046
ck_d5b8e74e7ca6355a,0.013810404429698806
ck_f11f7691af16ad07,0.008920188629853117
ck_188fdf2be7c92e9d,0.9943415831086376
ck_4a103f8254b366f7,0.028450247861258555
ck_bfa17a0b1760e616,0.01208673670176495
ck_a4d7f6a5869d440a,0.7871059715264109
ck_58e20f5a3e7f11b8,0.7847150094089269
ck_4becdd3d2696c7ba,0.02232205717854758
ck_dad5cf32ab9f243f,0.19977305381557026
ck_7d9f73dc7c4f90c3,0.15391743893557225
ck_c19371047a2d011d,0.03589639285377892
ck_247589ff532f7aa8,0.002358947074394331
ck_7a9f241d5f082567,0.02284597433725079
ck_0a2b7078736b4dda,0.0023845432174787987
ck_687b412e2aac7eb6,0.01972129910070062
ck_fce0b6855886a0b8,0.012273128869262568
ck_e291cc60920456d0,0.009921672926596434
ck_04219a7ea798db51,0.02078123416811368
ck_286bfd719836e9f3,0.07414987545599688
ck_55efc92394fee232,0.012288533783503709
ck_e36c8da1bd359960,0.020095453737077346
ck_34b0988a97d96902,0.009025393016923636
ck_e0fb11fc9dcb34e6,0.003561896424251116
ck_bcc9cbc9ed8b7c31,0.013380280783122095
ck_3df8da6f60a89a5b,0.01887540090475764
ck_b1495ee5c59a6b28,0.024306004855354814
ck_58f4c3ac61fda129,0.08713879699645842
ck_735f244b99e3aa8d,0.004828413768525865
ck_6b93bd8abf87b1d6,0.8260751730397393
ck_12107dacc6d05bd1,0.018020928496739835
ck_f96db2a1f3448d1f,0.011240494960286593
ck_8fd91a3c99e19097,0.005030202114482619
ck_910205d25388a0ae,0.01061858864137874
ck_d229dfa0e4442628,0.01114208120214166
ck_7cdec61e1c488798,0.010865225648860548
ck_f66f06e24ff32671,0.044246346508678744
ck_350bf14e90b503f5,0.012517810927046959
ck_61fff5fdaadd394b,0.009973486157843225
ck_e934f984bad2ff91,0.31439448991498314
ck_ff6a6d3547dd2d37,0.007002734731863768
ck_65ad9b15979e3247,0.026376120148483
ck_bbe1a2ea5a403ad8,0.21035545862506985
ck_6f3a28eecd2c4031,0.014167732110345553
ck_a89b66665714058f,0.00827354492597162
ck_918c92182b6817cd,0.012178555714471738
ck_64f5eb4be9e7b8fa,0.04298666275493623
ck_d021fd497ea35fb2,0.012821442268732466
ck_004de16f7d8a42ae,0.04494325210450613
ck_a33d2325f86ab12d,0.011780079941228216
ck_89790ff26c844bc6,0.0840229463966914
ck_e6e7257377c37b28,0.0874282858310504
ck_a2cc3910a641a808,0.5689315275942497
ck_646e270e0195bf05,0.010350303358414803
ck_baba5d66def0d770,0.12666894744238724
ck_67cdcdda3033842d,0.04378369191701102
ck_b5c3075c811a2216,0.008139664157976241
ck_515379973a8044b8,0.029206654874960086
ck_c0ce85fb4109567d,0.01012094213107295
ck_fef850553862aaca,0.020655937896565453
ck_55d7217b0aff9fa2,0.00920791573027105
ck_8e139f8925ef7968,0.008730100608814566
ck_9e35b908fca1e4d7,0.020451976720655626
ck_59735f4ab2ad3da5,0.02506762419912876
ck_dc569c1167ccec0d,0.6565026968499582
ck_1dade5592f90a15c,0.004446651955423353
ck_793048d11fb8b328,0.1415959149235387
ck_545b71eb4fa594b5,0.03563737270437918
ck_bd30853e9a57b544,0.08683643107354592
ck_59f46321ecf6d306,0.005115982070003872
ck_260cfe9141d249f1,0.0797099239643194
ck_3365a0ad1a8aa83c,0.002636249626522819
ck_b0ef193195a2138b,0.01507592531814614
ck_0f909705e2e60f2f,0.011608524779348317
ck_5a540b75c866166a,0.018264682381033737
ck_87c26b2f41025109,0.9974795219378568
ck_27acc9f320cda104,0.35907043415468937
ck_a27bc31eecd9cb9a,0.017525219525954355
ck_115d86fabde77b65,0.008682024678594578
ck_eeca179341d56f8a,0.2061894641560436
ck_8e5999c436cf037e,0.017816586699144186
ck_510e7c5df1f95d90,0.9931291325426994
ck_f1acf73363925958,0.005988276782554064
ck_3c177f5970b68bd3,0.04891110088858451
ck_9cdfaa1c30cc9d32,0.01184024935655427
ck_c8efa1538b37c359,0.0435270620492756
ck_a8a2e296f9804bd7,0.021044525333609742
ck_91a0ca45f429568d,0.011764414954833392
ck_5fdf8a0bdbd3ed62,0.05528688949236056
ck_0f4e2ec66d50da5f,0.01876098480978441
ck_28c53b214b2ee882,0.25410507977503294
ck_003148504557f720,0.12655987025932403
ck_01d840cffb870615,0.050066557855576906
ck_555848d51f4b5f35,0.017672877933002797
ck_df20cc23b8fb8e22,0.01896689628644875
ck_f9604adde929beff,0.05931906301189865
ck_d66952b03591bdec,0.02632616276468947
ck_ddcac1ab765ff61a,0.02857604046236393
ck_347386629d96c664,0.012948582708927717
ck_ab01db9117acfe3d,0.009888814068408306
ck_58e5359efc52e0ad,0.03972270825200829
ck_1a524b5cc8da71b3,0.02127411977797771
ck_e9287b6d909d731f,0.00283442607096491
ck_bb41a66e3d90263b,0.07139282871191302
ck_e95c8cc1864bd584,0.02286425726365252
ck_7a3f2961e9a8b6dc,0.08201528436614468
ck_378a9df82b1e0bee,0.6581002612698684
ck_42633573639a3f02,0.905052299231045
ck_2a5a4c18c2c7274b,0.023271615009298426
ck_77549c1a41f837c3,0.007207882323228736
ck_a26704b5b26258b7,0.0220669629268655
ck_9874ad160efddf50,0.006598639285938629
ck_9111e3a04b14dfba,0.006006159772377603
ck_651e076ee43aea85,0.05631684909700796
ck_391639c0f13932f3,0.02145715670640471
ck_02dbabda93c8c13d,0.0164450627812316
ck_0adcb1fffcb0a34b,0.013025378567665263
ck_7a43ef9c7b1c67b5,0.007028495956594642
ck_4b9dd69946438d0b,0.03915821550746993
ck_90bf017cdd37b66e,0.028998063221102408
ck_61c74163eb36556e,0.0059977466821991765
ck_13376c59b5bd6943,0.00380092618125762
ck_62337eccb1672737,0.09112256570685102
ck_16077934338472bf,0.0072585311411457265
ck_0d4dfd93086e7330,0.17233484601552845
ck_3865b7525b910893,0.034617022661522355
ck_7e2ae8b69ebd5675,0.01308902679549105
ck_b4384b6c11766ce7,0.06391870207310403
ck_3d7fa32dfb9fc692,0.02818642272481517
ck_f4a6a7cadd6e0603,0.037113966630937884
ck_212525e2828a6c45,0.30519244158816183
ck_33ad8d53394ba77a,0.17196856985750958
ck_a5051eafe8b51224,0.0767868571928738
ck_f65e5ff7da565f91,0.025019251432816296
ck_5c37f7563fa7591d,0.004052979873096974
ck_f1e0a006068aff29,0.024660822372733683
ck_c646cdead6fb79d0,0.0035055596087493627
ck_f8b3cdffef535330,0.07681741840513394
ck_e5cdbe3aa12c97f6,0.017238714433065152
ck_986e4e61440506d0,0.01520507854244656
ck_6da9c5912e15d9a8,0.02345307090345597
ck_51d842e6dae74c71,0.008590278907127833
ck_5fc65c24e0736d5d,0.4721310673594693
ck_babb95a76c69509d,0.03260355544355502
ck_86a2d852a9715432,0.006963895426307278
ck_db4083a0d043def8,0.04149941992309043
ck_96953b8945b7d403,0.011187637916046643
ck_7831ca5c31fb3859,0.09515832462075567
ck_60ac5e5f375daa38,0.08582749859969216
ck_05d44eb1f5f085ce,0.011823161766668575
ck_432cc19c7eeaa46e,0.030420754793680786
ck_7fc513033af061af,0.026670688388983885
ck_ada6ede84c111719,0.007323093966195527
ck_6343e0d3b1c2962b,0.10446792867122554
ck_010264ae04f2e902,0.07451443993812885
ck_e9dcf535f8c289eb,0.05868000885159444
ck_37143d9cc296e6fa,0.006663755655933845
ck_61fa051192f3e810,0.00545878456850467
ck_f9f93d1d41be1468,0.3594454646061472
ck_c4f4f28457be8a74,0.010548654601370794
ck_323a71f9452d21cb,0.5168748257117655
ck_170f4688e0acd875,0.1466423386626023
ck_869b1878d09d230d,0.18930912696806118
ck_2f6b33bf46976229,0.016181760501148695
ck_b11e22e75d9b99de,0.007850393662506734
ck_123d75ffb75b606d,0.10997540011190049
ck_94295287a04c85d2,0.07845614408208237
ck_1b0434f096795328,0.004329146975007279
ck_0a4e191cd0a57ce1,0.020304645621226202
ck_d2fbd0df99634676,0.0061076012275898305
ck_d51df5e9fbbbcc94,0.18527668747818213
ck_2d3d7d64a6f443f8,0.009690383451022914
ck_731943c682c9394e,0.1366399228395367
ck_5ccc0c94e5e1f849,0.027115833661825364
ck_c3476080516db25d,0.01105110379522549
ck_5010ffb1c94187b5,0.022282619800672407
ck_7ef666d67bc70223,0.009647595410763793
ck_c1b493527224a27a,0.012046379717220368
ck_5d1e25d7acc5af9a,0.003842743758330714
ck_ec30b61cbf517db8,0.019215066993612476
ck_79323eb5d2e5efae,0.007074195661184988
ck_4085cd3bf2661518,0.01195230070422394
ck_2ca91214c357c072,0.11145182787235983
ck_7f3132d6be389657,0.07065574447127973
ck_e7a6b925c8f39a85,0.10017154543568378
ck_c886adec7bac250a,0.01022647927175511
ck_c3f360c2d0ea0a37,0.04625269839052495
ck_a7acd5b015823793,0.022077573279774925
ck_9d64187c0800f84e,0.008983089236709416
ck_5d4ed73b9efd7d11,0.010963754112051296
ck_874eca6776b34dec,0.024970962201145714
ck_96a9221a87be93c3,0.031289471239945174
ck_68dd79a51eabf5e6,0.15725337063711156
ck_8311cb6755b2016c,0.006294552618619021
ck_16fc77b2bcf5ec03,0.8907865594955461
ck_ad9e2088a33c8c72,0.007690575193869747
ck_7176bbc97b1e42a1,0.02357606662358071
ck_80dfa54b30f65fff,0.424053235278545
ck_31c54d540b128843,0.06601579159011754
ck_43ea894480567274,0.031006685021453907
ck_9c9e8a38bd5a6c88,0.04842835095541935
ck_1c2dcae19539e148,0.04648681888430064
ck_b0fa8b84e94d8ae0,0.007131952072871735
ck_4ceb43ccd0a81c2f,0.008044725343564409
ck_ba845332b730b596,0.005920865718129241
ck_73d3e8c6077f61e6,0.30298881094395125
ck_b5d0d223ef56473f,0.021548658415143154
ck_949f08f8e80e93ea,0.01583525047560077
ck_73de0b49709e5f8c,0.006596560431653378
ck_b5935e9722a39819,0.017171439915405675
ck_96247fee0eb44420,0.01359415846541044
ck_a6def1e4b2d57e0d,0.024781946823989848
ck_aecdc5a96321a2d8,0.06790227950229183
ck_bc61c59970f8de49,0.006377693667037915
ck_c43b4175fc9ac5bd,0.6868617906468532
ck_8ff7a9b23a55fd62,0.005449083238545268
ck_20c99b645f462449,0.003830131454869022
ck_a5ce2ae36fb410d9,0.004647522280605635
ck_96fb9bf556842bbc,0.00654325968294035
ck_b5e4c6dbbed1b773,0.027749352806615064
ck_2085433978e72ea9,0.0862667001752788
ck_2c6b174b063ec637,0.005857271536664229
ck_b20b81b88dabe28d,0.041079323573542756
ck_243c18dbf150831c,0.013939524951758174
ck_2bb6a17e8eee35cc,0.04258368007494459
ck_66147fb994495396,0.04538194222512936
ck_73f124f075ede0fc,0.020310711800848168
ck_2e315f1b1e533dab,0.026026857900069825
ck_16c7bf94ed3e7a6f,0.006415309473146965
ck_4a0eae220a762ac5,0.010205696904008243
ck_dc16f939c2f44ad8,0.037239724011392986
ck_817926b449754917,0.011068736931651583
ck_0c0dde42ab64ef87,0.021478171966898493
ck_cb3a40594da6a2ee,0.012211754391270415
ck_d0dc156441fcfdcb,0.03666550745342257
ck_66f0945add423e9e,0.029072418318577313
ck_a74f6a3030f5d495,0.02363717110567517
ck_1ae460f331e49ae2,0.01713036852649391
ck_2d177b2f4f0b40c9,0.22004739116639882
ck_92e474e4368c4791,0.02019436422562146
ck_3dee83fa2d109484,0.016810424543783915
ck_80e5ea27848069fe,0.020983828540728524
ck_ed0c4a83701ca230,0.023844903797754738
ck_0b8b7c5c581fd161,0.014354417538643565
ck_60bf8a2870956fb1,0.008389514218904838
ck_73a54b56a2bf35fe,0.7936595724452186
ck_2296d7a563424883,0.0102694001135316
ck_bc19c383560c7477,0.014005278670157613
ck_861d8e3d88f1079e,0.04273225652640434
ck_3f090fc96c24eb28,0.016820847734136543
ck_9a6a1f8102febfca,0.026365255393829345
ck_541b6ad5d2fa5a39,0.017299546588586456
ck_a760d38d1bc4de97,0.031813483476747624
ck_7dca4d7ee10b4eeb,0.003367513391441414
ck_15220e78d1545e40,0.019353473609760877
ck_ca24bb0de508efb0,0.039261245539070795
ck_56b389627d8f02c5,0.9355355273528896
ck_48a6754977a44db0,0.013079125626873737
ck_333a43ec339a04cb,0.03661890680840529
ck_f22aacaf86a65d7e,0.01725240887002057
ck_04bd8a1ffaf3ffd8,0.007181645798321889
ck_2737a72de6b700f3,0.02184669594495688
ck_c35e03b0dd0c3454,0.012219708738631329
ck_e0571312f395cd94,0.015355402147363952
ck_09fab6b9825001b2,0.01789261462252314
ck_18c3a095606209e8,0.029788958454793606
ck_2a97db9377d01e36,0.011055237101828033
ck_f29dbbfdd2786bd1,0.012545847957640898
ck_35d6c510ad29362e,0.29835362876337596
ck_5468fa99c945d785,0.024724388716249414
ck_6f8102f62c876cc9,0.05896413377460875
ck_91955aab3424ad16,0.016762437641682795
ck_9a43c0c73a39d759,0.03182803096889944
ck_60b023af6d1e30bf,0.13973918744752634
ck_9704c5cf8659cedc,0.01995697334172107
ck_7e5f02b51b9f78bf,0.0512392825190219
ck_7d3a88d1aa649708,0.7878507596827268
ck_8250eddc1ecb07a0,0.0417627434235968
ck_d979ef95ee44023d,0.0063645379466086135
ck_5e5461dac83531ac,0.008666043159552524
ck_d1bb8890081e0a31,0.05838161520137447
ck_32246c62640648d9,0.00867369857986143
ck_77a40c7d2f862a32,0.01053061959074075
ck_1c8b94efe9238f5b,0.006289493634452864
ck_eaf3b6d11bc3cb11,0.00989550519018696
ck_a4a7ef3ad799c380,0.10302903436809038
ck_d5bd8f68da073cd8,0.14546979087360185
ck_6e6258227fc8db7f,0.004372755645380667
ck_c35d444e05799db6,0.023493532494284177
ck_74665e1209140ae8,0.0161687511391813
ck_353a272478f7e903,0.014346548085142583
ck_a2c9796ea229a4e2,0.03795028814674199
ck_e0171f91cb3411fe,0.012960988120744189
ck_703499f5410280f7,0.046209682008002136
ck_ae3a763997f8f385,0.026663242552345215
ck_f7ff94c3df5ac874,0.04585550765615803
ck_f3c16d8f747db046,0.009356780091479248
ck_7ef019ed77276496,0.021947450503011872
ck_d6a4faadab58a3de,0.027434012782025244
ck_ba7b78d31d74c794,0.03269492208053833
ck_36287d063350ce9d,0.010210276054226145
ck_5177fc7137ff26ce,0.015274918802028484
ck_dfd4e79aaa967b63,0.0052636791934728856
ck_fb44d15fb93a7157,0.09963296057066806
ck_fca478361870a4ca,0.03489888758179552
ck_e57b94fe57341058,0.02554790970444609
ck_5448c946cc4758fe,0.009893524337149108
ck_c5ece5ffb8800ad4,0.024775693215553198
ck_11cb98211b2ed134,0.6458257867576925
ck_f655399ac75c4450,0.012335837778356982
ck_c817259019588d30,0.02083127613183513
ck_8740a14d8096c6e1,0.020000090594669652
ck_0c5ba86f4e05b38d,0.008866771756373426
ck_ccc917533d4b73d4,0.0067473287645916195
ck_9eb80edfa43203de,0.017610148711655213
ck_d1a1cf4cf61d6801,0.020106779338478382
ck_b17c239f160e6017,0.020578730208304693
ck_410c3e13b48e0415,0.009729996659226692
ck_ab553954435e8854,0.5745925858233055
ck_bdbb4230c91e1604,0.005992999929087328
ck_8fd4937eadd64fb6,0.023914220210134753
ck_e0e90b196bef3c11,0.019102127543167324
ck_3dc4d464386f0eb2,0.33194715513557566
ck_51bbbf8f8e8ad005,0.9952668515287539
ck_c05737ab74cf03c6,0.043745665686069996
ck_dceabbe04d99afc2,0.025182471296191708
ck_5b86fd14e85bc9c7,0.35661471783846327
ck_d4febf0083800424,0.053618942663765615
ck_77d9f86dcf251739,0.015151185297230372
ck_b4dcebc543deaafb,0.02419338308895137
ck_cb856e75c949b0cc,0.003892841964941323
ck_61b067de8ffc1ca1,0.06964031552019367
ck_c0e8560ccfd9dd9d,0.0032147186595031705
ck_173e1198c341087b,0.007947967228947167
ck_b4d55bc809000276,0.022586608360197994
ck_839bf139296b5cea,0.015702027143733196
ck_78cd402a2a4f2e35,0.016766029610143188
ck_c2925c50ebacbdba,0.00283442607096491
ck_5e3bc76eddbdb0a6,0.00993942272182319
ck_b7793edca26fc512,0.015768386405893477
ck_d79bdf04d6f31cd5,0.015299825134926472
ck_4b97d19ed946f503,0.020199900858927006
ck_37139b41c5370523,0.031036599621860013
ck_8c346eeefa9ce692,0.010782229503913264
ck_2ab7eddee2d8c49e,0.004239002643550188
ck_29da59ea3bffb9d8,0.14065061522195743
ck_c1d05ef0ec6e4be7,0.002885627144482817
ck_3882423b449f6291,0.685216302314615
ck_5647030283171ed5,0.39962629649030823
ck_efbdcd9c181e72ca,0.00627435467882597
ck_192fdad892782daf,0.14784889064573695
ck_0bf2e13b9f2601ac,0.12550366008868552
ck_3d6046a533057795,0.0016316969204618254
ck_279a1d3a3836e5cc,0.04794287445933443
ck_c375e929becde422,0.00630554631799293
ck_a59e90219939a1f0,0.004379693783065387
ck_4e9fba1ec54c3ff8,0.04701665609381252
ck_bcbd8588a13f5eef,0.009686108518396606
ck_5f9a7ff990341bdd,0.07121846685379209
ck_e0403d507519b7d2,0.02149623097859549
ck_c9490cb61aff5112,0.009083411025443428
ck_41dd44308e6a665a,0.13550768579979047
ck_76c23726cd7ca947,0.004138307492673995
ck_9be551300209fa83,0.010215014882276184
ck_a98848eec6c9581e,0.010823812282418438
ck_61176dafb33b2d8a,0.9456270623578481
ck_92de019e05971ce3,0.033653165565403265
ck_5d644224135d7c65,0.004594210235010055
ck_c767fc454fa215d0,0.009378645696882957
ck_5df85a8924e11f27,0.03634801489892577
ck_da2729307af06ed5,0.04540309055089715
ck_7c6b577174af7a78,0.014491047967104494
ck_893b8afbe11301e1,0.006445329130570869
ck_e06f6fed020ae014,0.004843141073960769
ck_386680372fb54857,0.03784460249961294
ck_7a7f3c4fe0c9d2ca,0.034747088884484065
ck_f908b527c4db422d,0.05119972584743489
ck_ec2eee6a133e9a6f,0.04296727363351492
ck_d98934f9fe0b02b3,0.016999391629225123
ck_398a1ed77b0130e5,0.0046324821193474905
ck_d960af7a55b892b1,0.008657531094463052
ck_4637e54a9f79e2e7,0.1109860152089953
ck_02b9f418524f6650,0.012034789591006546
ck_d4b23804cebb045d,0.008279795875960068
ck_35b1939c48182a9a,0.007331673912320177
ck_2dcbb71e39d64305,0.0075194679606150295
ck_47a884dec960ff2d,0.08479292555098493
ck_71fd8c346fde5cca,0.0626990120503024
ck_98e1992ac8e7d2de,0.032085689080875286
ck_ae7780327e210522,0.01931449084376919
ck_e6c584b4b1ad6d9d,0.012119134644631636
ck_344b2e326a6c3dcc,0.057433979705481794
ck_9aa899a5230b0963,0.01048064395669522
ck_e48d14d5b70ef5aa,0.038032956574543364
ck_59d380a0973b3951,0.01444255711970232
ck_11318f7c041a5ba9,0.004215940849600994
ck_7061786fe2f22f5a,0.04013674021253154
ck_e77529651c416cf7,0.018694724420193713
ck_7f79878197340435,0.010679468612724008
ck_b0a0fb0ee9ebf106,0.025987725348875945
ck_70c7679199776a90,0.029926387670532822
ck_b9facd2210daca5c,0.10558815123088941
ck_9949f53c155b8dde,0.006897667769616216
ck_1c607e24f2c4397a,0.011529802997471821
ck_aefd1ce3ce093cbd,0.005436356829282266
ck_5a29b7018e43280c,0.011579334984343827
ck_69eb0b2ccfbe5f95,0.026632818801708147
ck_fe037765aa465c58,0.011094338194747932
ck_5e512ef5362a3dd6,0.0544651079158714
ck_544a9e80b7fdc279,0.015677747669243212
ck_7825494e654d5695,0.007090578696026684
ck_f1f2c3c623553f0d,0.0023446963880966822
ck_52730906e5b461eb,0.6701518059672272
ck_01e0689157fe9617,0.022867486296772856
ck_9da82e567074da9d,0.020025847412780146
ck_6a17384072f904c0,0.00735886355291584
ck_8d84d771a21942a7,0.003917907340081212
ck_39638880292782a7,0.033561161914071186
ck_7d51c86e0eec72ac,0.013690380434980994
ck_45f4c821c70d134f,0.7374373397703492
ck_0af3c13ba56ce57c,0.0358980063361238
ck_0789a05e061b2784,0.7255407506225927
ck_6ba091eb42ffa9fb,0.1472856628777743
ck_265accb3c5c32620,0.14267865752675252
ck_179039559ff7566c,0.01815236385909215
ck_17c0a6a92b5765cf,0.012701433382181134
ck_59371c9140239fd7,0.028329752694770397
ck_f9c4f8b4ce2691f0,0.005684074409217957
ck_a2637e4872cf4811,0.3194042515307363
ck_1de43fd6c6c22a5f,0.0355532425056412
ck_6e4f31bd108571f0,0.039929513614472466
ck_da06d97db0b18851,0.008611185262657901
ck_e0346d5081e640e8,0.040019724795585195
ck_c1c7d4e62c9fcded,0.029088943260253807
ck_2595669e421299f6,0.030645666396412547
ck_3b6057d51fd4c7d6,0.012167742226375846
ck_c5f8ab515840a0fe,0.0125357675917033
ck_435cb24538c6f77c,0.03884655337235659
ck_d84b5403da4cea7b,0.011834169128303686
ck_c2b61a98d1c8f6dd,0.10886006374769958
ck_c9dcd92b2f836b61,0.17053702596493778
ck_9eb5b3f5f672c2b1,0.010027156068503278
ck_e4cf189a8d31649a,0.0037703937487421767
ck_6b114f2a48152b96,0.013042682602685356
ck_3fb95862b70f505c,0.02993086452559566
ck_7f780f465c29398e,0.015171473256518181
ck_ee387f9da79e67ea,0.026288559485087036
ck_fa3b1e85d27af2ee,0.04270580577098602
ck_e739eaaa7a1822f2,0.058111883648857235
ck_dfa0ac11fcb1dabd,0.0166955260990832
ck_6e8751b571ea54d1,0.1673298269850948
ck_2d695f8358383092,0.013289676168202105
ck_e7dce27edb700f27,0.018294932371055107
ck_e322da8b213eab52,0.002548433224647659
ck_d0b32e039abb8200,0.006070196489242689
ck_b354003302b272ca,0.018006822045100984
ck_f7485cba392bc294,0.16864282837641276
ck_d6a290ff8362c7b9,0.06450185945169881
ck_c56a44fe315c0389,0.015205034990414878
ck_f77dfe6512eae322,0.01135986185746061
ck_35fe969c58b9e70b,0.08327326814860096
ck_4c518637db2322d5,0.041536377358619446
ck_cb61902798ecc4fd,0.015259316750939939
ck_56e6cfa32156a916,0.00279226659056092
ck_343e6ed2b9d35c01,0.0037554509272811933
ck_51440f64f7250ad7,0.04537732982089204
ck_295bca29c34cfe2e,0.012028560982735229
ck_dd30558576b45e7b,0.005576961180362442
ck_3a30132a57181fe3,0.034903699346217044
ck_4a733aeb833406f4,0.011012756133015209
ck_1b0b7c3d35ab1259,0.04705153897266048
ck_962c3bbf27cd4b80,0.04530165458670527
ck_9528e1d6b1707870,0.010447689022189434
ck_b3263e7f31aab45f,0.029173797772992262
ck_e69195a3c885053d,0.007031953792812086
ck_a907fa8795cd4baf,0.004927896433622019
ck_205c3405045bd835,0.006316929565431166
ck_e81fc223bed3c46a,0.060598098585866546
ck_363751deae40edfb,0.06046059483655598
ck_6176baea8cbebbb6,0.05204772501964091
ck_633e6579f5c74a5c,0.8613258067566362
ck_ddc11fc481eef58d,0.023215289393958026
ck_e975002c979e12c7,0.0481224282780067
ck_8e039b23acaaac00,0.007356730765568805
ck_1d6990d94a4d2ad6,0.007054706765104658
ck_e7b583acaa3171a2,0.0809688687990568
ck_c0133f60d39b2fb5,0.024599611555424915
ck_7d6bff85e7a694bc,0.04212116057083039
ck_d305b4d82f63f647,0.020522081367994657
ck_22bd0fc71f95e048,0.0662165355308099
ck_9a65fcfc7916f93f,0.003218869276842853
ck_d61c837b0106085a,0.03489325238685154
ck_be86a1db08dea456,0.023451103143236025
ck_90489c405e6886d8,0.04539767379169956
ck_0add2c321d579d75,0.06031967743163184
ck_482dea6eed92cbbc,0.011261920224679228
ck_c24b47184534cc2c,0.9261928737182875
ck_fa04ac31e596e7d6,0.008477896450230131
ck_084322dc5a3a86f0,0.004807380232448505
ck_ccb72a33cc1877b7,0.013482795370944082
ck_afaf374009d3b248,0.015225515446449152
ck_b53084ffede19a8e,0.010398486238531818
ck_4760216154c8cac2,0.0465176340360131
ck_37ad3a65db673e70,0.02546552598959393
ck_0c2932cc0d553694,0.00883494218802742
ck_86b853c52f20fef5,0.004934161066983905
ck_38703b7546d35a80,0.02623843188182185
ck_218b7e6e6dbd2da0,0.02105479288057847
ck_402db4184982fdf5,0.015065097555467203
ck_f917c82af80e4a79,0.0686767573663461
ck_3c6417a233c68c73,0.012616783007670843
ck_98068c397d70dd3a,0.0483495852186267
ck_b1cbd6679c0f8d95,0.009773097855156017
ck_9e962f9bb0e7bac2,0.006144986256771189
ck_b08247c3ad567d92,0.16347185789312538
ck_3ef7a03ebb81cfe3,0.011096029911644774
ck_5d7ae0e3562e99bf,0.2093208849522481
ck_c91a628236baf91b,0.213497402141191
ck_7f8e816ca51755e3,0.3386886088444851
ck_5aadd286d188f5c3,0.006131227575987982
ck_a037aff5f8128c73,0.005083143292459137
ck_5df6529ce8290906,0.01734080767774319
ck_5f3609511443e5a8,0.06803076606858628
ck_a6f61864fac3c8fb,0.0050087765689500975
ck_2733fc6ba23ae46e,0.008767816909360468
ck_22bfb9246646eb41,0.19719586106364903
ck_bfc2a57d8fd1610c,0.17453585988344059
ck_49839e761d0e74e9,0.011561570330372197
ck_aa4ba931dd37481d,0.10428916057624493
ck_2f9fa0d61829f815,0.0035117198286360356
ck_5b82c774df10d49b,0.006249148234796124
ck_411219470d0a195c,0.017112529304410963
ck_d07485ba10514a2d,0.3541970991709016
ck_219bef979ee21bdf,0.0075656403478323525
ck_eb1006e7285184a6,0.028688312621255527
ck_fd242b18575e3063,0.04059803626644394
ck_95188150ff059c70,0.05516224318845749
ck_a9ca2f447b984a6a,0.05197902842644099
ck_2dd39723c4088b64,0.007401240683628187
ck_aa2b4c662ff213b6,0.021144658637149434
ck_1867b1199c864db5,0.03209944492091491
ck_850ec97a5a0dab9a,0.5126647986853616
ck_562320295fa35875,0.009147381402736103
ck_bab5759b07fe2bea,0.0023416620947861017
ck_b9f1465d803e57b2,0.05004709445443613
ck_8f21f2690c32c691,0.05465082926019284
ck_df87d6f61a63eb21,0.03918044150199664
ck_770475876d0e7e6a,0.04461739276094608
ck_b4c014d5c0cc9eb2,0.033715802151001006
ck_3add4d23124c9290,0.028517090147058555
ck_bce5b7fecfb6264d,0.11256769255044222
ck_604c17cb97dc89be,0.02826914555434566
ck_e52cbcd9aafd26b2,0.029454465177676335
ck_0ac9114076f5bf3d,0.006847249390324942
ck_dcc125b178b79566,0.01048835910272947
ck_4e333c09f0c37dee,0.18326382898337112
ck_ff7e31ff8ba731e5,0.009090220574069796
ck_8d0532d24f1070d1,0.00577585654114064
ck_3689fa41748a6f6b,0.17233262698903726
ck_7509eb97c1948b16,0.03183492545359306
ck_a9161cf1ca22a6bf,0.015013443003461002
ck_bed3e3db135b782e,0.08590270387150072
ck_9040edd974ef8e3f,0.8438583338827649
ck_fac32d76ed40f683,0.012787655410705052
ck_3d7b1078e2d57c69,0.004308982115579928
ck_dae09c4e074af5dd,0.5319524324844507
ck_fd84507228467b40,0.18410703008421145
ck_e2a2ce9b8cf44c63,0.02650367232994987
ck_cbe716f351d660d4,0.0022933836918103204
ck_cba4162ef29a6d27,0.02493488194884797
ck_4f1e962ff8a29732,0.041489552293856154
ck_39a81899dded61e4,0.004867694708220641
ck_25382331551d22a5,0.02766599875706776
ck_6d64e1c07b19856e,0.024038774964894424
ck_165a868bdef28ad3,0.04026186067365906
ck_88774ae52e30e877,0.01429667312704728
ck_fc7a9d0643570053,0.020919714279691436
ck_c2017120b3b88a46,0.04302336623282145
ck_d115ac6b9fd62a7e,0.007009909021732485
ck_439cf7d51ec7de0f,0.00678493057703133
ck_2468a7e9e68a0927,0.01558374913811805
ck_7c418947124dee8f,0.016479405075375323
ck_fb0cf32c4a56f740,0.051373887152968374
ck_694eb6c43193afd4,0.04484202740600414
ck_993beb188dd4abb6,0.06152546300177474
ck_77fa39d3b733c226,0.04323946026615473
ck_49969a9abc47cb69,0.0062102203974520286
ck_d3f44bbe2f7e9b2d,0.018749272510535885
ck_fcf5b8216d0c18ef,0.017964787189413613
ck_daefe1e2d2bc362d,0.005712635328654861
ck_9c9287cb28950eb6,0.003390210092135495
ck_c1d1a625b885a975,0.03181476415793006
ck_71b37fe47490b4ba,0.005217636981061689
ck_5d16e257c0635f7e,0.5270922818980457
ck_15918075563eb074,0.010203670480352315
ck_9a15fdefc47e8d11,0.05414266974114008
ck_6f04d047d1dde75e,0.002729200964177402
ck_1af2c0b3b8d202c1,0.003378627092947973
ck_174be2231c5fd2b6,0.02221839185487916
ck_bb0713a2a1d65982,0.008221596958809696
ck_0daec63bd5b0729d,0.012933203880785395
ck_c0b5cc3e8ad2ff44,0.029085201944134866
ck_35bee1fc12664644,0.11082333647898347
ck_a1c7cf63467df4c2,0.003901395163101186
ck_ecb1e15f0b185ceb,0.031653919604419906
ck_f280d31f54a4710a,0.0030147878022336685
ck_30f4b2ee8abe1342,0.16248762049659565
ck_66bed631354de5b7,0.004700154818480595
ck_c2d3ecd7278eba2c,0.00646265896343728
ck_e901dec0e09eccbb,0.012777749478395169
ck_5d038ecb3c8748a3,0.006130076058073927
ck_283c5bea94b21e80,0.0048103009255268175
ck_7956c251b85f009e,0.2522186129242531
ck_9f5f81d771146aa1,0.010794224685487307
ck_9323e6fc1e168eda,0.43294055894567257
ck_10495d3a635b8d69,0.017568572085003287
ck_1982d571cd36eb0c,0.04124282162171534
ck_4f5d7985bcc2eda4,0.0198510979980348
ck_7df526b2b4410bb4,0.01456003465602186
ck_dbb498b1a346a402,0.011683094607686208
ck_ef059997563e3330,0.009001342693447975
ck_02ec4e06709e6b82,0.02949802743641653
ck_9782c86ba6485f88,0.018536223839749788
ck_d69de468b44143ca,0.008848216078684946
ck_6430a8792f400e0a,0.017770671539814167
ck_8285bd3c90af94f6,0.005130943901178052
ck_985c9ca112000e9a,0.030117239446792617
ck_e679fbf4f4f4aa07,0.028862729471403448
ck_016e8c8eaf9d511b,0.057344949019077704
ck_bc996c523944644b,0.013510574786184148
ck_5b8315726f6204e0,0.025364373155644142
ck_78181f8e998e442f,0.013697683359116664
ck_71c68dfd011dbbbe,0.7657109682918445
ck_db32c95ce2b6f502,0.9509060730701243
ck_755010362a9b1bc4,0.003467149803825002
ck_114141d85256c9ff,0.004148082963855798
ck_9d1a5cf5a3b87e48,0.006529413966828019
ck_ab640420858ab5c4,0.27569772506197754
ck_97a8dac48dd62488,0.25131232934127895
ck_879cc3166fe1bada,0.018961022512374148
ck_b0ed11080076e381,0.005297855568696425
ck_7334a9ec656263b2,0.02639662778469063
ck_6494f0ef13ce44d9,0.013444344770072126
ck_724e459b9ece38f4,0.06728570205429611
ck_7fd8b1470401695f,0.8646919113311365
ck_292f81186358b0fa,0.005350322477540736
ck_fa7de64d37287615,0.06017235466316464
ck_d00e09e66ed6458b,0.09269267214053697
ck_b8d210e741be186e,0.011116609721949595
ck_3db59982cbae4410,0.032837575299333246
ck_69887d0a9aaca6df,0.017621675094575007
ck_4feb21e2fb0b3977,0.00514043445939713
ck_08c6cc1e143475e3,0.01965238627809806
ck_fe6e168cdbb46b9a,0.18143985497796525
ck_07f1734be7fac56a,0.021799476582224992
ck_d66d59981307db93,0.052262035720679965
ck_f928dba0d587d7c1,0.014241911471768775
ck_786448fe3004cbd0,0.007554730788879421
ck_29ea329fa40ace62,0.012787952410629314
ck_7ea52b6f27edcb73,0.05898802305272588
ck_18bc51bbf3ef198e,0.06244673661069939
ck_44950df09ff14ded,0.009937563493033328
ck_c1466b52c0a10b93,0.017628296601077335
ck_6cdac067cc4db5c5,0.02487140535683798
ck_53f55c6e8cf2d432,0.02249274438048597
ck_95945f48453ca532,0.01606694385775837
ck_87cce4126e215153,0.018758391261308086
ck_1ecd5516c92caa4f,0.0027208522147946614
ck_819b482bca14c068,0.142963350062181
ck_a61a879dd46fc9f2,0.003872700630651007
ck_af70aa32c009c3c9,0.008393370666267374
ck_f4fe78e249092ab1,0.019552366677190305
ck_12c46bc52bf45b36,0.014690414925189405
ck_f05f5e4b40afa52f,0.045243659011360106
ck_0f8cb09d3f4fc980,0.02049302110739039
ck_80a64a7f0275a71d,0.006530058183605802
ck_683af7b1540a0b22,0.06376456970780692
ck_51fe0b613c076cbe,0.005428087578268396
ck_da1a2450219dcf19,0.05108332986936349
ck_2a7eba01ceba6c2c,0.0675496492987346
ck_4e329e29dfa743ea,0.34278750245251605
ck_0274d881d6db82c8,0.008464187842415337
ck_0af5b7d128035b35,0.00331489978351056
ck_ae0a7be6b0a0ea68,0.038505802431787334
ck_de5bb7a4d091386d,0.21369991855587622
ck_2bb7c17168a9d17d,0.10737627029925258
ck_0ffdff7b2f5fdfe4,0.011596464078107266
ck_718a8390b3d42d7d,0.023076553770792776
ck_7c4f12d70f184533,0.0038763976569794125
ck_d3e2c26b8adff099,0.005645322856733465
ck_ac9d3d9754104cf0,0.013084960257604496
ck_3b1766a1d51f8f0e,0.11732881242868129
ck_a9bf75bea912027b,0.004520777940692539
ck_687eab3ffe1f8cfa,0.044195194292377456
ck_25dd0b02af5b2f37,0.07764100250248518
ck_1747fcc466f0ae38,0.012075056592537213
ck_f6e9d14dfb6f3c28,0.03843808979027855
ck_c6a7bbd0adc4d5f3,0.030501979453676702
ck_46656a23f4456d22,0.6036751586394979
ck_7519260415c2998e,0.008742863936808289
ck_754f30ea19df857c,0.07694483258217984
ck_ba88a244d5f7380f,0.0050523875735273
ck_f268416945316815,0.005151544449770651
ck_21860dd2159dff28,0.012049978822642743
ck_7a86ef4e2beaec38,0.0077949169415395805
ck_0414507baeea936a,0.009399173393865048
ck_60796eb60fc3043e,0.0346107249758741
ck_1e0841ed17fe0562,0.013180571312142706
ck_0d641d32658d6e0f,0.014633974970885854
ck_b36086ae6d87eec1,0.00608980777755389
ck_962e65ab33b5c311,0.7999730798626508
ck_b046a42684468e63,0.020050512436326665
ck_ab3426435b0017d6,0.009269994146115101
ck_fcfe06e44d09a344,0.026436366865462434
ck_0f6d916c92189516,0.009433953598057635
ck_d4c8f0d957c3965d,0.021031781826157368
ck_2ca83dbd728af019,0.01237476516939595
ck_2857a4ce9f72fbfa,0.06933328966214522
ck_a60e6edc48e3d0ac,0.5013934186895087
ck_0cbd3b27063d4415,0.14151696608159658
ck_612089ec90c37219,0.06566935504667647
ck_ec4e597f17f473c6,0.008061470536251893
ck_1c93cc58f314bf71,0.018157845231243957
ck_2b359a979520276e,0.03559163415202698
ck_1496568ddc3b2d56,0.018147380490838274
ck_41d91dc9f5063566,0.08801900029056485
ck_4c5ff58afe3d7a67,0.02101132690426625
ck_81709736281fa3eb,0.018682303780497234
ck_d89abbab3d4957aa,0.006882283050798664
ck_52453401f88935da,0.03988702051308632
ck_a477654d34783e06,0.011857260108546317
ck_72dd0dbdf808cb00,0.036359690504315194
ck_c183dff3781746cb,0.07129390670047524
ck_c8b7f241810b45e5,0.04100383476906961
ck_f88028c3f306bc70,0.023939119260951398
ck_91d48d69e4f5d9c2,0.015021200789971077
ck_b74b9ba6d7c9aab7,0.16082170228906456
ck_03e904682dc73bba,0.021466488180249408
ck_fc6fed6ea96a004a,0.004620754454319848
ck_51efdd240e34c642,0.024156649834140276
ck_e78ab4ff52b5fd2d,0.009089679134542979
ck_4af7b97c24d89a45,0.034181905797360676
ck_295c0072eca7f7a2,0.010954783449727442
ck_8abd1a50a9227463,0.06336765287436913
ck_ecaa6f13304e3dc5,0.012589282866381345
ck_de436e7b319be1fa,0.9880339102190627
ck_c802cf8f61466027,0.017713293563399936
ck_3d83e0a3c1cfbf8b,0.027144589250258176
ck_28d2003c2d16e4b6,0.0033583383403728052
ck_8ddaf745bbb9cd62,0.0036114322141790126
ck_493b6256091014cd,0.07258570837192198
ck_a2245822cfea997d,0.016155540950616765
ck_f7305b3c64cf8a03,0.005630113318172702
ck_9937dad93a0ed3c1,0.05377524612333253
ck_d654449f9231ad76,0.0062533431160028356
ck_850e2b59bc535490,0.009113300423914016
ck_e55e5bdfc0242aef,0.03055522061627932
ck_d35c51e981b98c5c,0.008859951158311088
ck_27cdf9c5e6f0915b,0.01697143339980942
ck_d328db1e1052d820,0.022155337439242008
ck_0ea30eff5f361cba,0.030319644891696345
ck_9994323f97109f4b,0.9937156307980887
ck_09054e97bdf9624e,0.02502896189486184
ck_723b4afc388113c8,0.02079125706770779
ck_588f6e6a6a6d93e8,0.021394102847478048
ck_e1d563fab4d6116a,0.009024789069511421
ck_53aca610e20598bc,0.006207749170553909
ck_c8131ddc7ed33448,0.008824830460609836
ck_899f88464305824a,0.024249389048998704
ck_1c17c65804f8889e,0.007013052925022639
ck_45a16ce12893cf9b,0.02359828773576442
ck_f9d481aa4f9b2808,0.7158379107668768
ck_1d5d74169cf892ef,0.036024831580153106
ck_aba32acb61c1aaca,0.028019702169367826
ck_ec4dd3675a8d28cc,0.02175371683376313
ck_5dcd443fe0bbdeac,0.02187088435371898
ck_3a47e3f54475e854,0.00302852806410193
ck_a9aa5c344c315532,0.008236965900104157
ck_9652283c9f61fcec,0.005024676182122978
ck_752dd3d2487f78ea,0.011231582290770118
ck_a821980ac4db9943,0.3097960961304963
ck_93e0d6befb67f7a1,0.02638054390505997
ck_e7a3881c3e36bd51,0.10451700678823482
ck_12631b78f8a03df2,0.005509988143745171
ck_57b8226610b48854,0.016955654983393853
ck_352657008983fd4b,0.010852242549811042
ck_0841a5c24fd3dd28,0.006565111589165671
ck_db9b9d5d30f74070,0.35498967411264976
ck_a9dded7f6294e44f,0.0435512505328311
ck_91a16336ce3217dc,0.015658301269754125
ck_371bd9388b287677,0.005618514788482147
ck_f285e5e1912a7c62,0.0202571826278117
ck_368b65fca69fc415,0.028179608292823222
ck_d27a73596b6500c2,0.017478882445234958
ck_2d963f9b2c4d11e1,0.008958798301901274
ck_7c500e219af39486,0.09561583141782433
ck_7d025dea5951cba7,0.04380403923454888
ck_32f632706608859e,0.015793825453835623
ck_53816231f3ffb48d,0.020643638746446646
ck_9dbe184e81c1ca8d,0.11912699155814037
ck_d74123617f22a21e,0.10455824337776846
ck_275386782b1606f8,0.008709726419341665
ck_0b0e79d33e50cba5,0.048028206004377794
ck_ba93cb604f792915,0.04517874130655073
ck_a86cd653472eccbc,0.025784749504485196
ck_87771861e0447210,0.1546734176460517
ck_212380e0371d8a6d,0.010073973227958595
ck_ef0d702d7b0ed745,0.006719450065685914
ck_2b8f33e22f939372,0.4583026306531154
ck_480347ad92037105,0.013160331977658677
ck_20124c3a16c53ce4,0.013209337387205563
ck_c9e1e3229baae708,0.00514624482739269
ck_b1befe967f7a5ebf,0.038969380298634365
ck_4672167d7c989bbf,0.053857131783433286
ck_f0c44ee5e3a42e3d,0.04075034480748167
ck_c416357d20238a4e,0.06663075180282432
ck_d0f470f8078c91df,0.013137043618373123
ck_3a70b4ee59084715,0.05061982507057661
ck_179ed66cdfc1ce27,0.0058234070821320295
ck_387e5a7f163c7837,0.003838985071882896
ck_08fb463e69f647c8,0.9534379473283869
ck_732f725747393ec8,0.03384583356610538
ck_7cc5e0fa3ca5a713,0.02086911550850566
ck_ad4a4daa826ac68b,0.01195436596608814
ck_472e0be7a3b533bb,0.008075296309931139
ck_7190177963eafdd9,0.038348144416853164
ck_647ac26c5900f082,0.022532511961378537
ck_272ae2179bbd8e58,0.012214289229007618
ck_09b0d8af304646bd,0.008481943270103653
ck_ca0cc8ea9f344408,0.0262563562766037
ck_332ad134fb909869,0.0035179485949136465
ck_fca2798914627dc8,0.05553512711895175
ck_4450b55f462ae134,0.004388534147812752
ck_d67d9dfb60b286b9,0.0235652568527937
ck_a9d2bb4f2bde7052,0.005349899318275152
ck_929bcae878a3ecb3,0.11462028894572425
ck_59a9e000fa275e1f,0.01073168274249508
ck_57f17254e2688637,0.024259730811801602
ck_0508908697f60ce3,0.15409192100995064
ck_946afc2943298d26,0.005950666004292651
ck_7176d12b18f2cc0e,0.04159755894582026
ck_5c47b49c26cce286,0.016652049549053603
ck_b6a2bdb2d335e1d0,0.9834241996710872
ck_1d58f6caaa4d012c,0.026672454350383193
ck_71c917295020ccc7,0.005203862444574773
ck_bc89644ae3688995,0.03452554204787402
ck_e7c212f16d6df272,0.017378152233215306
ck_c6d2e11a368184e6,0.008343501463852186
ck_eed7f1f7548df15b,0.09769985126412116
ck_75b69034000ca7bb,0.0248393216476788
ck_38da3bf629458682,0.0052129508237832335
ck_90114c891239d821,0.03492902513471595
ck_8ee08f6777cc155b,0.012517406850518031
ck_bd86132499defcd0,0.010010287725058886
ck_b95fbf2b5640aa82,0.008947392513298227
ck_c530235393360e3b,0.0324484468248636
ck_be52a7ec43241ba4,0.03919347417951401
ck_d96eb3cc55f2772f,0.005161053227615715
ck_dd34f0a844fb115d,0.14858586789661163
ck_17cc7b411f448e66,0.02675128211973953
ck_856ea65fa27d06dd,0.016170044057579734
ck_056d5f0301c30902,0.21636482499600093
ck_e662b14b2bab23a2,0.19905062806770968
ck_209f574c8d92274e,0.02247899951649042
ck_62720b81617896cc,0.008576186946771017
ck_041614694b77e599,0.011870839412471917
ck_461e3f7b97db8d16,0.045425762118511535
ck_1b74b798eebeabdc,0.01543331313094948
ck_0ed2739384f1d644,0.004610279135478025
ck_5a4d19f1b83feeb8,0.005337992218130485
ck_463937167965a1f8,0.01665904961455788
ck_9d7151dbdf100e0e,0.029771877552366002
ck_20a7d1ce6cc27312,0.03110782001243099
ck_6031211ff118cf0f,0.006889326612538869
ck_a6fc92aa91e99b77,0.18500010499789482
ck_0aaaa9d2f75a0518,0.015523921810708963
ck_ec26e327cc1848b2,0.00431896222830587
ck_0e6bebf8ae9b9b03,0.008437914366793668
ck_e107537a4cb738f4,0.005297855568696425
ck_e8ea56e122a5a487,0.07046887833954213
ck_98149ed45d38c4d3,0.04059666560967928
ck_0e719b3a6906b8f1,0.005283239847001415
ck_0c6e7bd357e4a348,0.00846070608256992
ck_d3b2b250da61db19,0.7829431919070099
ck_8bb6b0a292754576,0.10181361545271415
ck_87d70f5fe48a6128,0.05938420177220223
ck_ea9edf9c107d429f,0.03188833460888914
ck_059806c52cebe4f1,0.4291385235961377
ck_a72d6df666e1c21c,0.021393509825767272
ck_1d2b80ab6c4944b9,0.006478164665228907
ck_60557f077abc42ca,0.2537694126041438
ck_e5f5cb7dd6ce4a37,0.012842825001289776
ck_4c4a939154446053,0.008957248485808802
ck_50ede3eb561a202c,0.016221552021514676
ck_6d03a542922b2ae8,0.01846665698152085
ck_d6fe761ed0db3270,0.022754064694968122
ck_7f0cd6ea3096f985,0.01901847049918926
ck_23edb6d938a3b87b,0.025708959749900742
ck_799aaf9f2b9ef621,0.0301477339513929
ck_f8f6a03613b6dda8,0.00469235702210436
ck_7cffb189f4f514ec,0.9743254680780242
ck_c081e1967dcd811f,0.013219036981101455
ck_583d6ca78c97d91e,0.47920690452047016
ck_9332bbc7125219a7,0.006386854370236296
ck_956b5af6d7d86c65,0.3945286821057542
ck_2d634e3f24681c0f,0.08049159729791265
ck_7b35d218ed0c5a60,0.009778056521434765
ck_ca5b1057f8248f73,0.013915886986960396
ck_ec5ea81cf813597c,0.008862430148857186
ck_eaebaf4d28400fb8,0.023058256082183152
ck_ae2ab6be219219aa,0.005576117935169837
ck_d99a8b4c820eb46b,0.07513552268629083
ck_bcfb7ffb7cd428bd,0.014335515679701035
ck_3dd542c2d31be2c0,0.01422051274864407
ck_c7dd84401e29a7fc,0.0068387341199325595
ck_c4bcc7cefd40f8e2,0.02187089901791006
ck_c251898b5d51e3b0,0.009867452986741219
ck_36d37be780c1291c,0.005222167857587162
ck_99b4f266b61ae7ee,0.04125410115495335
ck_c37f03995f0f0169,0.01971284954096986
ck_65a23ac8e44eb901,0.027855008511122385
ck_644b1c1149eea9e0,0.008280365125569428
ck_9cf44eb0237c2429,0.021706085490876985
ck_20541686a94fb71c,0.029966299439733897
ck_c18245be844680f3,0.05770528679605216
ck_56de216eda6b7fa6,0.011883389290346958
ck_406c4442dee45cd1,0.006417142891523512
ck_df1585c7d72a96e0,0.040817936068223044
ck_b8e8dba20676d87b,0.02192284099073312
ck_0ee6965e68efc177,0.013771984650324176
ck_c2a5c54ad8d0d297,0.009134470022659992
ck_bf6fb7e6470e95cb,0.01409049627327773
ck_27fa694569140345,0.004246431235428173
ck_e04166b0ce66393a,0.003386284046134061
ck_8742114f4f0cb22c,0.1978938631748087
ck_6eceeafd56b42576,0.2626446621582824
ck_34f9951b0eca1965,0.015264529606225031
ck_384ccecd342a24ad,0.12743195179390956
ck_49c98bebd1338879,0.019724813936138764
ck_6c26c12071c91ff6,0.023768335704072857
ck_01e5986ebb9a78f1,0.02875514597389264
ck_121db7ba3be29ee8,0.01983150305833966
ck_039e6d5a330cea1a,0.19777534102510091
ck_ae8c9163cf957d7e,0.008340173015648338
ck_3f5e8f3f1df0c8c7,0.0938864197598489
ck_b1c51fdafcd80122,0.04004467096511834
ck_12e2b5ebfe8986b2,0.011779344339132207
ck_d55eb81a4d543c59,0.008342838923869696
ck_f85155ca5c312c7b,0.014784548182316263
ck_133d8a1ac7c0e301,0.9273542813550455
ck_04212a9bb9b28696,0.992857011306831
ck_4cc11c7d3ca61f73,0.012816709567541384
ck_2df4854186ec515b,0.009180340620619731
ck_aa9b28e7fc43af79,0.15838885116131557
ck_47cad6c3def4c9e4,0.014775225926898233
ck_fbff7b5da8111567,0.00333989567733601
ck_bd25ea782e375b22,0.032876355679502756
ck_7989376f8cf64a9d,0.020147494722746753
ck_675c0ca1ebb1051c,0.008473860500904122
ck_1436f6e11d4008f9,0.006671589812934228
ck_812cb3a4482cc618,0.017715287207119717
ck_6e606f73a1094afd,0.01826503336324049
ck_1b708e2a4a0584dd,0.01910027385451457
ck_a60d6b324bae0330,0.01613538979584285
ck_706a4f673a9fda3b,0.11533872709543469
ck_a75ece9a9044eed0,0.019567076013745046
ck_9aa45c4e03c8c57a,0.04791570814189006
ck_9fe9bdce982b312c,0.009627175860478083
ck_c6fbdc5ba68a8466,0.017453537282575992
ck_ed0cc1b1c28f9511,0.10977133139083659
ck_a4e2607b4c8021e8,0.01104255991984453
ck_e02f93f51cc8caf3,0.029319459536412053
ck_7084ed3cf20781b7,0.0069594974259232665
ck_cd4c63155570d6ea,0.008088157427016721
ck_d1b9e5d32d2d789f,0.041516040952683075
ck_68f56f6560a7a933,0.002756763545856109
ck_8bedacc6233c6269,0.016845978300678917
ck_ab7cb50407d6b13e,0.014746707397390368
ck_f17ed7e0fd687742,0.10507608688221341
ck_b0fe4b92fc70f72c,0.008746233503837957
ck_84d62b8196da2452,0.02096605975452187
ck_9e298cae167f4693,0.028202147608784988
ck_405b20ef9ad0ba5f,0.09738218089689024
ck_813e02e1ababd177,0.02901796203275239
ck_f234ab47061ba7c0,0.006906214423122818
ck_22b587c18363899a,0.00913608485044414
ck_4e862c2f48c38aeb,0.028961531785306457
ck_b89cb90a420c9075,0.006647244156343832
ck_be2251640f27a3c9,0.19108716492692007
ck_46bec0bff167ed3f,0.017445554220468704
ck_c0032232c2868328,0.007464927045498812
ck_030cf09525dba4ba,0.012309565174376562
ck_6ecf56236789fc09,0.8768627594812057
ck_38d4ed52cbe6d123,0.041579112532596725
ck_2d923d957ffd4d53,0.0054644796658965536
ck_3af1eb88728ed8c7,0.026378614728136632
ck_2f8120ca80a1592c,0.009989783757739807
ck_6cabb1a133f0b151,0.014118870143010264
ck_bb6cf7e7b707731d,0.4590150032501084
ck_c8307fecafa90140,0.028451975117558766
ck_75f968be67f46d24,0.02671763636022827
ck_df6fe4ec5a233213,0.05438804292195857
ck_b53e88c0e927d896,0.012421679551488074
ck_f0093064aa28f4d0,0.010286041159562954
ck_ec9976cabc63ff92,0.02296828745898946
ck_30dac0a58c5590cb,0.053764967965777226
ck_348a525791ae6475,0.048249912465500915
ck_b898d912d1181ef9,0.006759366092920099
ck_f5b1200dc6f95760,0.023559279552141616
ck_54978a073e7a0b1a,0.0059433314848814705
ck_55933936536a4071,0.01666984585361506
ck_d6ba7ffd2ae08863,0.010214428430965471
ck_404e2217fd87fdd2,0.014463679291957817
ck_dfaafdaefa5716b6,0.07181761706520033
ck_556c62e92d4e7e5b,0.11637025898137272
ck_7ce44f4e06d58111,0.04651867584682399
ck_465cb8ce232c7670,0.09838159892423183
ck_237508ca4fb37268,0.05475384490283067
ck_ba4a6b9aa63964ef,0.022346357503658303
ck_4802a0a7a1882c88,0.03867754083932787
ck_9478dfe4114c30f6,0.023067107561052506
ck_5138f6c575dec64c,0.01204824720922892
ck_aebb42afe430e2e9,0.005262700065487511
ck_004efa95555437e9,0.009329778340899037
ck_11af112667c98394,0.004592011089743561
ck_44e9a18a8645c9d3,0.02695324756185782
ck_2605fd571219e28d,0.015471962789958304
ck_dfc933493561d84f,0.013600878667429171
ck_67674348e68d1f25,0.08884598415697759
ck_dd97429277a2fa00,0.0754891938260013
ck_d3eab7a06eb48348,0.053911072851614894
ck_0b9fcff9667ec05a,0.014101267210700607
ck_fc4bfd6e739bddea,0.01197187528263035
ck_43292f70a03ddf2b,0.04345819454012945
ck_5ff6108056a3fef5,0.1994901892388097
ck_767e0be086b5f601,0.022423660811181648
ck_b8465b1a5666155b,0.02337160127368883
ck_ab2e3fc56f5b3aae,0.013319167101034103
ck_1833c81d693c1e07,0.7500268037237429
ck_0308e0602b856445,0.018996442105502737
ck_ccbdfe744acff8bb,0.018729038483572494
ck_b294aa27a0b586d7,0.017948969367758076
ck_a3747201f377626d,0.9347393195231498
ck_edde1d7d1db24725,0.03384473260364705
ck_ae3b47d6e1063704,0.004098625830377276
ck_3aabf5e0f4defb41,0.014153871417637047
ck_f034adb57391f3d7,0.007537590683405687
ck_533672fb40531607,0.2605289788369725
ck_2a244f1ae08ef83c,0.07464151424734763
ck_a35d81bcc54ece2f,0.02994764844742402
ck_78a61215675b38f0,0.012905654910623792
ck_e013d88ea7939616,0.00971832283577233
ck_e5018f9418e0102e,0.024350464239072413
ck_d4e024fcda401a31,0.042758463495859746
ck_f736cffbdb82db34,0.00897184510518
ck_1507f5aa50cdf3a0,0.0075517701502597605
ck_18270fee7c8fcee8,0.004403210440834054
ck_95ffa1a805a1c9d1,0.012725464232219753
ck_11132d245b94d045,0.021109333808110226
ck_7b93a622e40d8b14,0.031407547409298124
ck_3854c08d17704347,0.02198352097224691
ck_7717fcb100dc4b5f,0.020536496819903407
ck_ba54e0a1c328119b,0.1502522701747908
ck_a7afdac4ecbf2de4,0.12453852417949181
ck_ecfb771ed2352085,0.007954066314574513
ck_68be4fefc85a6b64,0.5960271824403502
ck_dac7c50bd6d0148f,0.00993274617261033
ck_87cf36a03bd63c24,0.05233279061894767
ck_8adb40b168b59d7c,0.006919667305172835
ck_8d2f62930777416b,0.028028433262229445
ck_9958b58da9e3c21c,0.025874606410967903
ck_9440335375701f44,0.014401905900216212
ck_e2f88e202b6f700a,0.03969280760460973
ck_4c7c50684827a2cf,0.19138733806705305
ck_8a6ea4a79b1c7a8e,0.014927725239429937
ck_186dbff4b24a3bbf,0.4664940477108205
ck_220fda3c11c59b6c,0.04143890559900287
ck_3acccc69f8b1fd14,0.08497780631939422
ck_9de191bf79afd676,0.007982804543354505
ck_6de6b1663f9457f4,0.016820357028988073
ck_062754f8b79b86e5,0.00676182083577923
ck_aa153a89a52f7eb5,0.01620374730364582
ck_34a6bd3be642f15c,0.021802726208893133
ck_9371c700d9830326,0.015912858990639066
ck_a99e0c258ad7576b,0.004253421749558714
ck_0a7ba51d626e932a,0.014507380209130675
ck_852c50bbba1ead13,0.0090144634812305
ck_43dc13b6b6d31297,0.02945636150467948
ck_7d81b59d615a6649,0.05696549002181192
ck_39a3f1da060e88bf,0.01599529846416349
ck_6fb2d142c09ed3ed,0.1226984720357191
ck_6e5752b87324b58c,0.24082609931665855
ck_9441d48a12e8a4bf,0.10626611568425946
ck_09e9c51eb538b255,0.043444028805475286
ck_8d0cd981ed3a183a,0.02758004614202177
ck_57c07c45269ca8c0,0.007084088438545822
ck_ccfc9ab888ba933d,0.0655145628744818
ck_9658a6ef471053f0,0.06384704981613183
ck_dac3852758f4ea89,0.008051765303256311
ck_b1ed2278f5f14d82,0.02712874723625608
ck_333544d173524f70,0.05950173879202624
ck_fd4582e3853ef23f,0.01365948070851967
ck_614d936cef98db04,0.03493597114285299
ck_6bc351a3d57aac54,0.010516793851574861
ck_af5842fa7202ff25,0.006210285888516987
ck_81307759252571be,0.010605056447354816
ck_b4d2f02d2cd45720,0.14935901107378252
ck_1bd753a4681946c8,0.9701804246433087
ck_46d8c029d46867b2,0.008156402597512493
ck_b7da6640fa2f49cf,0.3033067658242493
ck_9ea3d5a5a91fef9f,0.11069649788843365
ck_7b922518f667f76a,0.004465132713278565
ck_2a5b31594206eb30,0.6502799201067303
ck_d9506476ad3f9e08,0.007434192777188018
ck_c8791f7ebd4d93c7,0.04735540607641055
ck_b5a3e20fd210017d,0.009154561860828853
ck_8e54386f4fe22cad,0.018172347235610925
ck_75296704f5806f56,0.04171363470587545
ck_0fbbc7a6af300368,0.07653836817449328
ck_d19bf4dc0627113d,0.0022460476292322533
ck_7951bd4eb99a0175,0.010212043938187915
ck_059e4fac6b7f704e,0.005440678009817845
ck_2ce8931af02a2ce3,0.006815791109053722
ck_9e665618a4860306,0.03705677731851098
ck_6fce5a893613fd2c,0.011864906335595485
ck_9e3fbd04e3532f32,0.3364250756718519
ck_55f2ef0de3420e3e,0.006964867519987281
ck_8d87658a6f5d204c,0.708081682465865
ck_6d6ac1f5dd882aa5,0.01579637499224086
ck_55d0c7012d7ef236,0.04595223902853263
ck_7738eb085e5753d6,0.03005767403302214
ck_0e6e05c3cc8c8242,0.009044901396521024
ck_8d27ff8383d48132,0.018241326061715652
ck_9afc3bb849f3a64d,0.010753309563989538
ck_27eb86a9898cdfe3,0.022031351839980978
ck_1d40e4fc541abe93,0.041462600469847045
ck_4fd9dc00e1913587,0.9114061497611806
ck_b26cdb2b7b165d2e,0.0031645383576574815
ck_a79a27767a02e31f,0.01908228281003179
ck_f0c18cb9f951a71e,0.018241458811703234
ck_50460e0189de6274,0.7691532946404201
ck_5e5280539257c986,0.012928943633042879
ck_eeb854318b3a6f0a,0.010546359990373675
ck_943f66f28dd24750,0.009595364227373863
ck_984dd7452aee372d,0.03957528827846968
ck_ecaa6de0aca5e9a0,0.004734845739530263
ck_8f1cbc432e2774f8,0.06066919048575467
ck_d91d9f8445b9769a,0.1912892002840653
ck_73c18e03e3c7612e,0.006977151857833598
ck_aded05ada490da20,0.008577505896107873
ck_f744e208183971f8,0.011034954688393332
ck_02d4cef6358ad3b7,0.04206142084537123
ck_08ff5bd467226a5f,0.010773197614696644
ck_f824b326d5089885,0.2072500675488398
ck_3420f2fd520890f3,0.00495941412496511
ck_1838cf8d00f5b1e1,0.018945631191577716
ck_a85182ad90b6f1e1,0.029681294831286658
ck_fecb39c82c43e76d,0.4207026316915326
ck_162513e73782929f,0.008014620102883584
ck_2c27b77c59d8f23b,0.1325601303326123
ck_4221e07b17388fd3,0.05095221721449241
ck_adfb8472d5c3d669,0.01996367168368117
ck_0742fe64055d686f,0.017090211419359506
ck_5060aefcc8b6f958,0.011589983345257217
ck_643f549b4ac78a26,0.1973923796629942
ck_dba767885bd6ad69,0.00575880044735561
ck_0dda35c0c64c7073,0.963245251411979
ck_38ea56d43afa5660,0.024644881181974665
ck_d813e15ac91f487c,0.05613323933984149
ck_4c840e5585a7b167,0.20559570345163672
ck_cb8551453a7bb929,0.016666601656559723
ck_05a00b1dd5a03359,0.01496999173253657
ck_837cc7fd48453a01,0.01367892066037155
ck_49dd816b31fba6b6,0.41955614290316656
ck_86a61d9a39768e87,0.024626773168596013
ck_cd0e76f0e7bb38cc,0.03115619820179144
ck_dbe58392635133ca,0.013801592786847328
ck_3caec7dd6f8d02c9,0.02821791282438294
ck_bfd9bfc5b6ab4a54,0.2835120116614188
ck_2103399bdb2898a6,0.015316649566621106
ck_329f7de7279e74c5,0.037290610783531485
ck_9bf0d28119fc42c8,0.0074961641307183325
ck_f781539b1042dc83,0.033577927124597
ck_9986c7d781ac6b4e,0.010750110259251329
ck_a627734880aca848,0.003333754705072132
ck_2106e509d77fdb4a,0.14166506718161218
ck_420d1a9c604293ce,0.006615231000751544
ck_fce0610c527e2b56,0.01157284245589046
ck_073da541ec3f9d3d,0.011767919608474224
ck_aa5f3ab48c17fed8,0.0690131799282971
ck_0fc1086e1c9e04b6,0.027804153984179143
ck_5c33bb46c1a5945b,0.02890759283808876
ck_500948a8d4bd8e13,0.011405725636096053
ck_19becd44f2c3d2b5,0.06327104555169961
ck_7d0fe77dd5ddb656,0.10522363548877937
ck_f158d9e5f101bb35,0.012487808172133436
ck_cdd7c77823c2257f,0.15124738092108972
ck_6c7b41374f9b2e55,0.007826159791301987
ck_417090dbffb1a63c,0.042023421010972055
ck_dd0e17605f970319,0.02290923395475408
ck_3646515079e6be55,0.009530094081645254
ck_89c8b06aa8c84b2d,0.1263447365311667
ck_e4d6dedd97233c07,0.019527207046022052
ck_bc82fb1895fddde5,0.014829410381801798
ck_88a8b1d442ca3686,0.010333241313882142
ck_5791f8f76a629a4f,0.04098409026829481
ck_9cf5e88e97c8c7ea,0.021190570248731815
ck_58fd684aa5a6f289,0.003945719367943926
ck_9800c21dfbd8e811,0.03705274259674373
ck_8ae64df60ab6ccda,0.009780306507366238
ck_e535fb0f0c00418d,0.0749663001544225
ck_48011996d54855ac,0.1030534362991163
ck_ac79c72a8fe3fdef,0.06617730340059329
ck_b8cc2df5192bc49b,0.04931687975289849
ck_e96a5e1f08f8a867,0.01971079156953052
ck_84df6770549e43fa,0.002425331008585923
ck_e5f7b99ba6ec5767,0.06300399430638201
ck_8347455ab53ff620,0.007005338778406831
ck_a84f2cdf695a71d6,0.006992836245449701
ck_90456160115f9ef4,0.011250162041706396
ck_ebd178b3f3a9c50c,0.023351045627852608
ck_e1140be6157bacbe,0.010554039575823846
ck_744ffc11d32b96bc,0.017751992422267583
ck_e12a9f7d027e3387,0.018988420958593627
ck_cbe525da0b69f18a,0.019705465808840777
ck_aa59702537557ff1,0.20170351632949468
ck_0348cc6908f7f3af,0.0033523024192071097
ck_120e995d50956bee,0.011442622488040063
ck_9fcde1ff46cbbea5,0.003259744706862586
ck_54b0b070689c50d6,0.009006946851296
ck_966a167758fddfd4,0.04915930370395542
ck_d5194f2e92fd6427,0.003894445882299767
ck_2ee84f3fa27f2cb8,0.006491379211582345
ck_57d0a7eb7eae2eaf,0.04392760114281164
ck_6a2c4edd82e10969,0.00548489883597363
ck_96e4d38ef670eaff,0.013420957731292716
ck_52cc2fd5095b169d,0.00995487399792255
ck_4b088920f3a844c1,0.021174299113513803
ck_8f3ccbd20d59f1f4,0.02198734311453009
ck_e5e5dc431bed6f9d,0.006144019060135637
ck_e8b5bfa6838e28d1,0.006903434822766706
ck_4bfeb78b47b7c6a1,0.025614961941823246
ck_a705c61bd679496f,0.04496746584428854
ck_731869a0c39cb2fe,0.019059316104171352
ck_259eb102342057ea,0.00973824204344269
ck_47a6005fabc33551,0.029539721313185347
ck_682262b455a9edd4,0.006800916749030107
ck_e839d104854945f0,0.004106577665521918
ck_761989aa4c47d746,0.03861139932580987
ck_44211dc210139ed3,0.10975651039522691
ck_9915ceedf63a5289,0.054384303179912004
ck_da59ab47cb6284ad,0.10762497759173212
ck_e5cdbfcca2456652,0.10309393904546721
ck_13f2560c6a1ec62f,0.015322294780655556
ck_a0543e9b3abe1001,0.3450702492551203
ck_11c7a58e09e6547b,0.07460727471177657
ck_69587a134d43a4ad,0.10434430012559942
ck_28dc0de0ae291f37,0.013660860198299046
ck_298922703c5bbe05,0.05606338255682396
ck_fa5ba9ed9ed6a343,0.06791302677855973
ck_c08e64d424e56c05,0.021970108238791693
ck_598e036a28262aeb,0.013989908964287541
ck_3f7c870510083a51,0.099380850997225
ck_364f8203a3e98d36,0.41422312226558383
ck_7333cedb61506ead,0.009608017936526542
ck_1d96d7fd65f208b2,0.018781301575659888
ck_63133a79f23e2627,0.09038583199928903
ck_901d820e0b72abae,0.009147807959454982
ck_5dd80b3c01457bd8,0.00992129425341379
ck_c0b8067c144ed6c1,0.007036033234595356
ck_cebb8aa8c8f62c60,0.03175781728999191
ck_79749eca42ff1f5f,0.00901878151371037
ck_2cc1d9b587f6da31,0.4971587720944632
ck_ccc7916b56d42195,0.007033456530566407
ck_e43e53cc7b8b8e41,0.09160450710331065
ck_4ab74a6e7450416c,0.034403926566347595
ck_6e44024e9de301c6,0.00586338165911322
ck_dd78cb6ae2866cc6,0.017615162666653132
ck_c363d3b050baf3b8,0.15319960259506693
ck_2d46291975f0dd08,0.01777749270300581
ck_76ebeb5aee42f041,0.05206852104779622
ck_8395f004cf4d4c08,0.0016202408550596856
ck_de7259c3741db179,0.013369701045782499
ck_3938e92585df2b34,0.03318841548811091
ck_af69bfcf4f07d932,0.0049946278932573775
ck_1723900ab9afe374,0.04408517693969709
ck_3d58628d1c853c8a,0.023843712440691636
ck_12a074db100481cf,0.04212158934419854
ck_8716cbf892c50e29,0.0066478641654615315
ck_fbf7351958ad9615,0.005682639173080538
ck_a50370907e6b397c,0.05429996449769378
ck_937402a60df0821c,0.013277510089486575
ck_8ce9c5807acbef48,0.004029809802424156
ck_acf7d65eaaa4c31c,0.005283935146512872
ck_ec3eb6dd0967cac5,0.06717976064730347
ck_fc832b0c90c9bdb9,0.6703762135041342
ck_8129e81cde280131,0.004394760743078788
ck_52c0ef68aa2fb8cf,0.018047925500101914
ck_06f042e9b1b662fd,0.043251698490259755
ck_0bf35dcf7b38f650,0.009336030972244383
ck_615763afc2e17a7f,0.012579117643224034
ck_e72db9d4b2fc9997,0.9873434310174248
ck_13757bf0eeb353e2,0.043596924370175635
ck_abaf371ec8249c4a,0.06465819696912163
ck_9b7167da0920c37b,0.06348761761557721
ck_2e824b0b27494a17,0.030442458511986806
ck_9a0b605e9c3220c4,0.022560749969738447
ck_a5276af466b681de,0.0024809967668904497
ck_9e0383e1fb6e214d,0.03458640406285309
ck_6a27c44b691dbfac,0.005621973133992717
ck_af39767cf583905b,0.013179079336799059
ck_243b1b9fdd3f9a74,0.034089828426483865
ck_c0422e638a9c6046,0.0240966774421295
ck_e0f3ea3373dfc4aa,0.014558243626691381
ck_d56ee1654378ffc7,0.037262112386588116
ck_20cd2f5666719baa,0.021557313250028836
ck_4dfa1c1e9b69fcc8,0.003008314436667434
ck_5d22e9ca1d15180b,0.048173986827619635
ck_f4a7ac178fd55f0e,0.008630676287817458
ck_fd5609bd23a1eaf8,0.008276455853051137
ck_49c3bf13dc9471ce,0.015103224434502599
ck_724085c3452d4693,0.08884148393231603
ck_e5d1462846154a75,0.03165998076339246
ck_c69ef0f3e7d6acf9,0.06933876182614522
ck_a2d0417791d4132d,0.012221040410991063
ck_00a07fc2a9183c3a,0.006621966792545039
ck_781b8288e54ba8f8,0.2809342599639071
ck_d74a62ab3804a81b,0.003935551639489317
ck_abcbde211b6267f8,0.019659151034734864
ck_16dbafc035574654,0.010660968800770193
ck_018f780215ecaf38,0.007285471524799548
ck_0b259620eac51618,0.006873956243043249
ck_4f875342394c110f,0.10399218324004683
ck_399e45e5fe9beaee,0.03821443668160481
ck_36224a2d394ebfe4,0.025996386982049632
ck_c189b551bd111332,0.014229219064049304
ck_125c5a720ecb177a,0.05879642283562692
ck_76d010aa02eb477a,0.004659493298617712
ck_1071d14c46c92379,0.3681411813950155
ck_61d244b2cde483af,0.012703726552716017
ck_2ff1860da2004c84,0.005305153057348494
ck_c5b583490198672d,0.007843445601330344
ck_1294f7af22fade11,0.10441519469207636
ck_e3a22799716df39d,0.02263119381005591
ck_c77e22834ef97005,0.709061407138302
ck_73d3689728270a2b,0.008260950439105954
ck_295565fbf77ef885,0.017511646517780727
ck_80c0a7f54ff4895d,0.006482159011020752
ck_f1ef5cf7f10b16c8,0.012126377529585688
ck_a958b2461ffc21a2,0.05130549145696631
ck_0e7899a57cd617d6,0.016678217218723316
ck_9d4fed252718f58a,0.0066423174915757645
ck_83c2c34add971d76,0.00872294134659468
ck_9ccc030ba2de9fb2,0.015714540757324865
ck_cd691e3466fb3742,0.0443953833250731
ck_49df70f908dfd069,0.021557408416133912
ck_362ce13eec1e33a0,0.06737229331083583
ck_2452a30397dfc54c,0.004416380862376847
ck_a443d49c2b4863b0,0.006796862122543301
ck_c8b2e2cb349dd0ff,0.033572268287499756
ck_354909fecf5da8cf,0.014651511177786644
ck_841f598bbd54c83f,0.04096090112135724
ck_cd6fbd4e8724f994,0.045521061512303056
ck_e0b3158111370118,0.009453045876894264
ck_4c2f2eb657c2c60e,0.009936178332715626
ck_ef346071f0b7654b,0.013182978373626773
ck_f3bc10e3decefce4,0.036105951386747825
ck_189b6fbe9b9192e7,0.011403834724363836
ck_5245cbc5ff4d4fa6,0.024909185251183512
ck_cb42e3be6fe87f60,0.03334929096873407
ck_966d4d713cbc7792,0.0036442067130078703
ck_1c8c969667cbaab2,0.5430753356465908
ck_d35e3aa9ef5d405e,0.1646658604076798
ck_a1c39df50a5873b3,0.039480950485215535
ck_a152165caf295b51,0.04287897684895141
ck_891eaedae139828e,0.0065095273940620185
ck_1a46b56f4734d52e,0.2823102315521802
ck_5e36042cfad96c99,0.3802661187536161
ck_02a8582c2603e675,0.006653962815252498
ck_6def9d0429e4ed4b,0.011630675640755447
ck_e137400825a1e3e6,0.014268693555571848
ck_d91ab840848a54fc,0.01852998136049942
ck_becb6e1c608e0078,0.025187287888516218
ck_6fd8c86ac719d7eb,0.09340817747469998
ck_3ed4d13f12fd9d0e,0.14469017547263413
ck_007337aa99a4891e,0.006470868367920994
ck_60c3d8306527a08d,0.027178930678581594
ck_95458880a54df0b1,0.21288038009351865
ck_b48cd8593533fc1d,0.1767359980395128
ck_021c6a4a7e3f1f0e,0.010320113249072085
ck_764d40f865e710af,0.03659563533123033
ck_4b84357ae8ec7777,0.009980430024099572
ck_3397c7856b4669a5,0.006779947492627149
ck_920bb003b42e6310,0.0022037480461244256
ck_8f59f11b512d5b7c,0.02924128979481761
ck_a3acf4b986afa98b,0.46067009580217905
ck_e89d25ed7bdeeaea,0.02902275690167267
ck_70e6bca473bf6902,0.007369511440774912
ck_186161ce152836f5,0.005243037230327119
ck_9191579254663f5d,0.006733682938469602
ck_1e6628879e9d653c,0.012458304558048127
ck_b498fa91a0776ff6,0.02382457147707599
ck_cfc2384f22954830,0.0854079749278989
ck_17673a1c2867888a,0.0032841455920660377
ck_523dce06515b072d,0.04113217146479325
ck_c20638a325ead2e4,0.0028331963836149628
ck_d3877e1f907cc148,0.011814858983728534
ck_e9a2495dea8675e2,0.022721091585572867
ck_7e561caa5fa1f3f1,0.04156823470414026
ck_455672e652fe1abc,0.9309070542967287
ck_7f8f864fcc90ca82,0.03319957601997257
ck_1ad36046aaeb816c,0.004926673870294813
ck_de056e37c82e8e00,0.013855552455629255
ck_7484c214c889fe7f,0.03450532975787847
ck_32430e678c4f9f53,0.004468131134107424
ck_6276ece8f80ea799,0.011900206419806257
ck_ae8e5dc4b725bc25,0.04666875137937146
ck_f01be92dc78a2dc7,0.017233889929832404
ck_233397a8bd40d38d,0.004334335314240559
ck_f8124911450fdf31,0.7432364684949873
ck_aa0a3179f1111674,0.004871746970553166
ck_2366b29ed9887a5e,0.04925881592733827
ck_1f22f04dfc08cf27,0.008602825709550163
ck_b62276c3426d680c,0.0033541277135464747
ck_d099fca88691f66f,0.0336261710044902
ck_166bd1dcbaf4d6fa,0.006515452749679019
ck_7b1660e942436e12,0.013293504239714213
ck_4a9a791a1d409a3d,0.01305052629342969
ck_b003e5b54df65db4,0.011960107191340878
ck_64b4dcbf436f0b75,0.012605438059589821
ck_26e9a7bb2061a58e,0.022605915768976848
ck_08b77ad5f8f73007,0.0032192670609425635
ck_366616a725afc6bd,0.00867016086501696
ck_934fb5064b6eefe2,0.002284645300325499
ck_c6abd5d57b1009d2,0.015470518574769295
ck_edcfa9e1cf29d813,0.023111556381208723
ck_c30201ebd003fdc7,0.002468508350254184
ck_c54643d94d3ce355,0.051068014510836965
ck_02adda6e91e49650,0.016066513379057918
ck_5b73d7c5255e58a3,0.07323004321364027
ck_129ffae92dc01408,0.0129089141272787
ck_fa321945ebedb916,0.04281452181783944
ck_8da980cb2e1e2bfb,0.019441249990252832
ck_0576b00d728bdf19,0.03062334744336301
ck_c543d82e22b3c8a5,0.006259009436930394
ck_0027ba644f9ae2cd,0.15661714992524328
ck_8dbf61df902a6bbc,0.00987849401330811
ck_90eeca1cda79fd41,0.011003651707432924
ck_86d7127391d4e01f,0.007552362127258276
ck_73762038c7ff2f6f,0.023106024471825637
ck_a1484e6215fac651,0.5979789289965803
ck_cb83b9f806e90dc6,0.14771669502879806
ck_8c6f059c95872126,0.030173000925785776
ck_3174419a81e7caf2,0.013076664804064612
ck_6a0f8f8fa4a3c2bc,0.007186817701048431
ck_b5777605668bfca1,0.035813457080408395
ck_27e4de495abb4d15,0.06936492551890819
ck_7f6fa79c7a107161,0.007081361752994815
ck_c36ed9f8e6792ea4,0.028270352917850374
ck_67a1aa88d2ea554a,0.04834922102406053
ck_09748dfe4df3d540,0.011848956235459973
ck_27fd85b1e38b675a,0.009204851514431378
ck_2369689bd795ee10,0.011982654529704302
ck_4eb1c12f7d092bac,0.02068737796588279
ck_01fbafc42c8e33f5,0.010138359740175401
ck_93c4e05699b3b7d0,0.007398996423036038
ck_afc484d1b6907983,0.0030460512058698742
ck_1b2d9cae92a1aab1,0.052103255549496366
ck_73b729cb161487f2,0.006648743093830972
ck_fe3c1d0ac090d960,0.020132254931034863
ck_408efac1d3885ff8,0.03193558928159728
ck_ccb4dd9d0a48a76e,0.01739393441486063
ck_2987eab34ca7805d,0.023630630448150194
ck_1dbf1f15193197db,0.04321950840039272
ck_4ed711fe4053e74d,0.04621211135959784
ck_6c54adce174f45f4,0.02431557296249921
ck_a6c740041faf0bd5,0.004753652039427198
ck_b05c4d33c4f43639,0.09506506305309381
ck_032880f1114dd51c,0.019705465808840777
ck_22311b037456a76e,0.008604116760940115
ck_5866b413549765bf,0.026799778019763194
ck_0e808afe2570ecac,0.023371647045805608
ck_634276b05f4381f8,0.015173680606814116
ck_5d8773badd0d4740,0.014749002483148492
ck_82b5b79ce3517102,0.967963160657602
ck_b378b8d8100ee4b1,0.012818334469383835
ck_54e581f71be5430d,0.009814607940068882
ck_798ba4b8aa544fea,0.03429322647477117
ck_3fe86b6331ff95e3,0.1254833379511598
ck_81275d9d4c559e6f,0.006491768534578799
ck_99a4e5ef02d89493,0.017661003766592766
ck_54e2eb018d947790,0.01102950298001952
ck_966901ea9c77cc02,0.01095292104830062
ck_27d69ff4e0cb428c,0.23265122092081464
ck_2cee2dd7bbfc09a0,0.699710644200259
ck_4136b00924695ab4,0.001872287080706812
ck_59a164c40c03a45f,0.02032758726772759
ck_3e24b026bc66789b,0.002501566881481162
ck_8105bcf69a75ee47,0.013988375767399093
ck_7a1782cefe26a456,0.13428827781252364
ck_970c7dc195161272,0.0068496160992912
ck_a48ec0c00ae20e82,0.028863329361096823
ck_54b374ade34e1dc1,0.013054616011345827
ck_74e5dec189761d14,0.030253000659781752
ck_4717f24f2c6f40e1,0.09670866828397509
ck_fc8cd8a8209e802d,0.004611039421262386
ck_71db4131d7efe218,0.06371626496789201
ck_45424ea6f0bc4650,0.20369524029101932
ck_3716c6181a5035bc,0.1628747956084051
ck_26de14b96bdad4f6,0.009369903346366101
ck_99c0a41ac9c73857,0.01127810954721818
ck_645f15bbbcff3b4f,0.9926779932088957
ck_b7e25ddd41514d4c,0.15305214737710485
ck_d5c14e877ca7b755,0.014629350276331946
ck_05ea4440dac6cfad,0.03260998963339003
ck_c58bafff7b1955cc,0.01387404623162124
ck_f0cf85b67a9b840f,0.023715827007817426
ck_ce1500a7f0d03fba,0.007433004340517716
ck_d4972a775aadbbc8,0.009677339881386127
ck_3eb6146c262e0fc3,0.01367929920872801
ck_afb23858a4ef42ed,0.9386815247612865
ck_2c1def5c91c52a5b,0.07383855807816392
ck_72e550559487b919,0.0024450984852084343
ck_0284dc2b4f856b3a,0.12292832616772352
ck_03be334935e999a2,0.03296678797337215
ck_e35a4b4a3cb4cedf,0.002982549269546299
ck_5abe57dfff4b735c,0.13815437550272786
ck_f5f87f772388efa0,0.020483472540617907
ck_5a22cb36d612236e,0.023505344650891043
ck_8ff1e6028e764472,0.7391626726645868
ck_2ab28149b0986642,0.010071929792347646
ck_c88fc1bac79fa6d3,0.05106724848689338
ck_5b137d74bba6b1b4,0.005294785359240595
ck_11f362dca2dfaf5a,0.00435280913122958
ck_7f960541e5174565,0.038035438402617056
ck_d5458ba39ae94498,0.018737718601008875
ck_0a921a73a90c2e39,0.06968233905768212
ck_6ad56ef40086dbe4,0.008439301601337285
ck_b68199ecccf2350c,0.0036780494091796178
ck_6dac66c8198c07d8,0.015599952215080017
ck_9b9ce7bebc235fe8,0.04675373515596778
ck_6b817117d87063a8,0.015472519292283387
ck_900d62b3184378c7,0.017530051337061495
ck_eafe9b89857149b5,0.008673731214802163
ck_e74716a525ee5b24,0.0058749201264059105
ck_4e9a6f06ab134102,0.02954841944923993
ck_b0d33b5a3716661d,0.031525624988173954
ck_8703543bf3134306,0.012187248076684703
ck_923d6a0f83accef1,0.016615893279491048
ck_52e37e2170532e2a,0.07557625959985893
ck_c1c5ea839c58958a,0.027228652159373177
ck_660f0006780e87e7,0.04799845165595324
ck_830b2c5d1818ac07,0.019573933217199132
ck_b080ff636932d1f1,0.003885934657536147
ck_38730aace405f2ae,0.9899931786817312
ck_9790138467a06223,0.007563299160764128
ck_10de0b0d86b17839,0.016987411835786264
ck_c3e37a4d3382c32e,0.01175976444597103
ck_dd8edfefa1eba531,0.018357953982879923
ck_8153cdadd300d234,0.00825941175648623
ck_74d0e7c2c6b63d36,0.9520792276349866
ck_c478aae3031bb328,0.059316113805220956
ck_cf301f2194975866,0.007669862703005795
ck_f4de03f44e3a5bd5,0.04447812255476484
ck_b06ce826e593b210,0.19003387968195706
ck_2fc70b6baf6a0e26,0.06785422581556638
ck_d208494cf5c90047,0.05270061773114574
ck_086d29ccae565e5d,0.012652385098332828
ck_d5ef6dc116dee408,0.01323844675681365
ck_fdf0c5b722d83464,0.004867314847583185
ck_de8494b13adeffb5,0.0225856413647991
ck_556786868599143b,0.002999504038511324
ck_4940e78cbdcfecf3,0.019070466818342437
ck_d32fbbfe32c00416,0.019029796800234266
ck_bc7710f7e9fae649,0.006190205495783802
ck_416f7ac57da081a3,0.02312928422352344
ck_6fb39b60c67d5475,0.03741188313815007
ck_e40a156511345d6a,0.01183636173792781
ck_49ab879b5aa7fccd,0.2162682349392757
ck_bb643194d1cbc47c,0.9696282069165751
ck_b3ce8f1bcedfa043,0.010992481955021192
ck_558ebde8c29132a4,0.07277659957494302
ck_e6222925762273b8,0.01447444348954505
ck_bd80546b4807dd59,0.036288421001986024
ck_bd21164bd2bbb635,0.019828884258275253
ck_ea835557d7043667,0.0476824470755778
ck_1411a80a157ff39c,0.024868273601521218
ck_ab973888c20c9120,0.04080226444311945
ck_95b48972061abe82,0.0018734516603313264
ck_fc4a43f8876bf10f,0.018504342784291767
ck_f34fb7ccf82f41e5,0.009426736942998379
ck_5af9934a56801ac0,0.008176540647949987
ck_fc7445ec76389a58,0.15573473937748464
ck_1eeacc26f02fbba4,0.03323857423658886
ck_4f325dd15c9bd45c,0.02236323237979051
ck_5009a6c8bbaf15ba,0.011860606011211477
ck_0f3de7f074bb33af,0.023586652978065534
ck_2cbc2f93a32eede8,0.07639810871290985
ck_4bb90a61c21a303b,0.009392588735589309
ck_3ade9eac7d7b0dbf,0.08561353564837462
ck_4859a58629622915,0.41114040933875384
ck_5fed957287ebca03,0.014020764433248793
ck_ec01ae5351500355,0.028081527196700914
ck_703b41624ae6a5b6,0.056540236896831055
ck_97c38e7f61c27e47,0.013425235083253339
ck_db2c0908150cb2cc,0.024137043226765006
ck_64ac5e6fed86ab60,0.9141337172965732
ck_da1c853b0a061e83,0.08324158491241862
ck_9a36916b60178ded,0.7663675029891903
ck_3715bfa7fed2c675,0.013230821816366456
ck_dd3feb77d7d4f6d3,0.007769219101332088
ck_982ebb24174a4ade,0.005087918406932635
ck_f6b7a10d47dd9a1f,0.02136321870384109
ck_1f56fe99f250cdf4,0.02625263651861108
ck_deb3ac0606d6f6db,0.005378911317959594
ck_e666629e5a41b39b,0.01883460729548392
ck_756d2c13d02b3e09,0.006494984437739755
ck_7bc752ae7cf5d55f,0.013255842945769035
ck_fc0cc4b25e6a8194,0.006058451271940255
ck_9b2b0e286de78a1b,0.008139147715952536
ck_24b0803447211bf3,0.012160023045094006
ck_82eed68d05a42128,0.02825078551143174
ck_c8a03c516ed5b05c,0.09077668203759016
ck_e914974cee1bccb1,0.24643152169531157
ck_0c533ff2d0f9962a,0.017895846309382617
ck_c12805fa5d970a83,0.10056944246148958
ck_fc2cb29918631f10,0.07951220480602283
ck_c20e89afe575549b,0.009138882660115756
ck_e1ff9e31becc27ae,0.066385051456697
ck_18116d0ac08f1996,0.8630933928762954
ck_885a83975cea5e64,0.03145918453227966
ck_a0c3059a959ba5d1,0.05922575403159688
ck_75257ca7d7da2861,0.054971626865418934
ck_2210f7a0d13bdbef,0.06923753637789638
ck_9cbd9ecf8374f65f,0.008404528836114684
ck_18f67c00ba21fbde,0.0028570026136697122
ck_2d28f14d3973d8fb,0.011682714073242622
ck_8b3401b44aaae728,0.017448969881960083
ck_9d8e9ef37797d3af,0.6009543540844232
ck_9f50920c894f64e1,0.011492232128492829
ck_4737e0d56c6fa0a1,0.030458536502006826
ck_52c311f29ca3aca9,0.01037897330397975
ck_6a4981bc721df37a,0.022785339341567575
ck_823539d936c55fc6,0.010344537522704186
ck_df5aedb4118020bf,0.8196320787470143
ck_a911a066ff0f7b56,0.01620374730364582
ck_684609767df4a14b,0.053819367476944095
ck_f2350bf355dc919e,0.0949041963889886
ck_8452b6cf97c65a5e,0.017973999425622843
ck_084cd84501012218,0.7684588695263501
ck_ace6b72e5bf3e93b,0.13022983212717737
ck_2afdd69094c955c5,0.06657639339627837
ck_fa7d5be26bf7b31c,0.1841277131632403
ck_4b041217690fca2f,0.019403409487375844
ck_9fb8e3d38cdf276d,0.6612793768793569
ck_c1ee56d65a42f59f,0.4038135475233223
ck_fdeaa1cd085691f0,0.017326965164051862
ck_5de33a7a87e9aa62,0.03102414874680408
ck_7476e7fe1ff45545,0.029222565114970577
ck_b0a947b498e47018,0.003966432601017004
ck_e3894ed88a7977e4,0.011000439334480961
ck_c7e07ebfb0bc15f6,0.04400547750799194
ck_3a3daa8b376f2a18,0.005927217325023258
ck_87809324c2675b0a,0.016813356910282903
ck_7eb4f33260f1dcd4,0.025944639444390214
ck_ab9f0e08af030060,0.037665185322940796
ck_5b8fc4a76f340797,0.009984899524905408
ck_0e7bf10ef49aa818,0.039066735655346074
ck_a44462a3853ac67e,0.8914312546694452
ck_2d14bcd2e0fc043d,0.002821324368411835
ck_df1f2dba802296be,0.4135346825767785
ck_466a7316eaf149b1,0.030062261964992423
ck_50df50af592b0c06,0.010246160969587017
ck_5f9e34c849704b95,0.01102059146687978
ck_7836bf6def26aa87,0.04716359129853191
ck_ba175b1bd8efaabf,0.02838391702910818
ck_1a0aac7f7b94b1be,0.12906775820541685
ck_6768c4b2aa8ce586,0.01747208357380576
ck_eefcf0ed15897898,0.010577915672228771
ck_7a6cb27e390b6ceb,0.011286356746729228
ck_5275be4e1577c1c7,0.010415178278733157
ck_6bc0e5b8c0b7d2bd,0.007037650139877211
ck_4874bdec79f9106c,0.01693674245220724
ck_a678731156ad7bd2,0.0480435395597262
ck_db906debc36a5d1e,0.03802000037625478
ck_e87897767c612942,0.028632645911324913
ck_45ed5ee496ef8a67,0.01029098125750672
ck_ae20e28f9854f3ee,0.019684660300522846
ck_9ee044b73943a90b,0.004105319896962555
ck_dab34cf6f0626c9b,0.05314501366645558
ck_64a02b7b96149810,0.015349199020754191
ck_c417d06f3e94685d,0.01378109930093594
ck_3e0149cdee4cb294,0.04209851324258681
ck_0e6046fc30f81705,0.00730236044563716
ck_c383aeabd53e9c89,0.022040331788107635
ck_2ef76f1f36e8b869,0.11480197150812514
ck_43948784650bb9ac,0.01552857829847654
ck_bdb966f43ac350ee,0.020956865750521792
ck_5bea0e0ee0b094cd,0.018052807412231923
ck_dff090f03ca5529e,0.022371173439405378
ck_a4691b57f837d88e,0.028412642185179367
ck_99ee90946395d74d,0.39078679689942997
ck_cc81dbc83a8879fd,0.03988034047418682
ck_f3dc0725621b3a35,0.03493378707716552
ck_1bb212d1288b9689,0.040748615724074455
ck_9e7278fc7679f002,0.06549283417992613
ck_3ded7a8720d7e311,0.01647780620693587
ck_798157bcdb9453e1,0.007880349428716672
ck_9fba80f56f357fe1,0.0042291681472015445
ck_f1e1c8491f16f912,0.012496543504863854
ck_7b1319a5ca2f63c6,0.8539945558617625
ck_124432fd5c92af7e,0.6413933684539215
ck_148cb0c723284dc0,0.003619346188377932
ck_b56c62c950eda009,0.011462178374151045
ck_a0498755cd8d7188,0.01577429545118042
ck_5379452a9d74efae,0.019733562021863424
ck_6c2453229d608183,0.01700703545209863
ck_f9d8b4813a88c1e6,0.007084712011551618
ck_c2c7d1e45a521857,0.013291246666247414
ck_4364a83a11743888,0.0035399496793978662
ck_2cdf5fd97ba75e06,0.0621036291789324
ck_71bc01291e0533a0,0.06416904087653447
ck_a725d7aed2a0bdc2,0.05652863974501853
ck_a9b0c4dbd7db6a91,0.1680505201396742
ck_a4258806a533efa9,0.01300490951276083
ck_905e460591d9a278,0.19924731892450273
ck_20de8abfd8960ee3,0.0242710749477247
ck_252b0a0f1119b220,0.01211456246095575
ck_95e4bef65c36af1a,0.01413159087728384
ck_5ab68b434ad53fea,0.0025400429239790705
ck_13677a1957078827,0.005504594366585499
ck_d251e9fa09e542dd,0.9952262763531011
ck_700cb620f300dd47,0.008776638937158562
ck_39a68c55a1bd3ace,0.12571782826292863
ck_61a59a7944d6c53e,0.14746306994179506
ck_db6d1c6d31da967a,0.014244306528045224
ck_650020c500b1b50d,0.006288566752223116
ck_d812eb6930192793,0.01361172873507075
ck_92f6ebc11ebca89b,0.04252564532569939
ck_d87e26eb5bc84b01,0.00408117782817047
ck_66439e697695224c,0.01624703900698346
ck_f21efd504faa654c,0.12717848252106687
ck_15eed0f5652f0352,0.008737127676898103
ck_bcdbf57d98dc0d27,0.013573089750127188
ck_873ceb8004d3a9f7,0.04421170990266598
ck_70bef9ddd4bab005,0.008075164834149572
ck_7560f1891d66f294,0.014533723073878093
ck_f439f16f8693883f,0.0299346545305195
ck_14f9535e53f9c7a6,0.013905592569816922
ck_5984be472d2bc267,0.6941365607778468
ck_ed01be7504dc4187,0.012600289437157302
ck_dc3d8b5c17b67ae9,0.006199749875346126
ck_9dc23031b6b494af,0.02875514597389264
ck_fbdac0221bc03f66,0.007694255094709624
ck_863708a99b92ef0d,0.010564696950490492
ck_22b52654776a1ea8,0.6419731156950775
ck_a0714f98001efa0c,0.02130342936826932
ck_9c56114f84e9a541,0.00577736753732284
ck_e155cf506b2fb699,0.018757800430638315
ck_65ed7e72f24731e7,0.02459685943359095
ck_822d6e8e43befc72,0.025623007361656153
ck_b1182471d9ac6b26,0.007490976055703644
ck_821446adc95e6da5,0.012034493668260132
ck_ff182f033134dbb8,0.05967027094984355
ck_9c5feef7647b0588,0.006455480881351581
ck_df935d8bdd44883e,0.013653429325565803
ck_01eb24c18ad11fca,0.14490159753283957
ck_00d6730134a1eb51,0.04265438336419051
ck_79ba8e85678d0224,0.009864148923156069
ck_97e3b04a1350f6e4,0.040868051024507544
ck_74e9747954a46eaa,0.08920050809901314
ck_397d5fcc9972f909,0.051527961605888205
ck_9ede89e8a43c3f53,0.05925169193893541
ck_303b33910d67f306,0.036146832159135334
ck_3c17841636f6f7dc,0.010713140994696013
ck_78730527f8ba1438,0.38876970960542623
ck_5ee32bc6bb5d1d4c,0.0823204236313993
ck_a13fee8cd925d0dc,0.006588863866897037
ck_6f847263379f2e43,0.03774839131119098
ck_9b9d9e579e7b55b2,0.019193345594873967
ck_87c1d0a79e79c84b,0.0061581475977821
ck_bfc453eabb472f91,0.03726221718557229
ck_978c21bb5fe3171e,0.042957225714890024
ck_dd882323474431d4,0.10981913179578189
ck_533c4f7400d5ab22,0.15042303788260727
ck_5f217bfe28954e75,0.6983865589373092
ck_ae96d35465b3b4bd,0.006720256497658022
ck_512ebe97c0af94dd,0.09333446638016624
ck_f558fe02bb0219b8,0.003868585936417737
ck_84092e23d5ef4d51,0.07936002674149666
ck_17d3022ca12eacd7,0.019428757074336122
ck_8a8f81bf3558fd9c,0.06449787014116125
ck_0ada6fed1864e7c4,0.03547871229464668
ck_21fe7bc59dcd78fb,0.015203943163657379
ck_e136e20c1c74fe38,0.009199496723925598
ck_e7a530e09d113dd7,0.04914166459559701
ck_7cb0c9ded4d63027,0.09959356095938976
ck_102db9615e722c9e,0.03392681203922002
ck_129e39ddfde92eeb,0.0053144226689831806
ck_d730ff21bfd7769d,0.011520929321914019
ck_54459b45d2be8459,0.0014513536731114557
ck_7f1c20319eb60aa6,0.9953045029163238
ck_939fede90473e412,0.0037703937487421767
ck_e0f9506a6d5f4a1a,0.02434738462334786
ck_9a4967cdf49265cd,0.3166737718486194
ck_b9eaf03453ac7d5f,0.0049900540792576584
ck_522477be6376b450,0.08567271873150133
ck_9b6282e3bad50710,0.035626808308611285
ck_a0e3a2facd508e49,0.2058081527489751
ck_97ffae702f7c3d08,0.02095697191128379
ck_344a95cb7115ec67,0.014855221085434531
ck_1f2760764afa45e8,0.03522684111299841
ck_720cd658d11ea428,0.007554070988778359
ck_04e32ee9834c088d,0.10402476471468342
ck_2bb1389e5e72c8f4,0.03842567330975713
ck_961e7dbc217cfbbc,0.028031934323703395
ck_f3bce4eccfa6d6bb,0.004479867043022334
ck_e0ccfa0d689339be,0.022152763152828034
ck_98217aeafa0bfefd,0.031407547409298124
ck_a02aeec1914c158a,0.0075349470805768995
ck_20a17e8f206a14c8,0.013258322434629703
ck_114c32aad4b6183f,0.06842629128449397
ck_79f5198f0decef20,0.02713303731717846
ck_2209de229b4c71c5,0.0143299142549306
ck_6ee939b7f396975f,0.008549172428019019
ck_202f0c14b07ace01,0.15226932679054808
ck_fa24db9d416ab904,0.01710661988938811
ck_cf6aa24b92c4d33c,0.6387316294928019
ck_45f57fb8194cefc8,0.2995282111746053
ck_d5eb179dc45394c6,0.01792476678930998
ck_efb24be983342f75,0.00460383263243657
ck_245f5d62ead5ef28,0.00989530480150779
ck_15fe2a47fa7e92ea,0.011790079017029678
ck_b6527a85fd682554,0.01591140409563084
ck_11f9390a11ce9ff5,0.01700700037724387
ck_ffb4d892c5158201,0.01130242862192935
ck_d4c1da5a1427fd6a,0.0673434420889839
ck_2c041b1efb1c5063,0.00808789200079263
ck_ecc18f40b33be769,0.19125771231495248
ck_0525349f3945375b,0.042328339005407584
ck_0bfe62e0c7eab9c9,0.014105572223809574
ck_b7c37d410b1646c2,0.008970988644702357
ck_4b15b0746318cf42,0.13347803733798655
ck_e5ee006ecd8ff661,0.03483004136947657
ck_ccc83cf66365357b,0.04279426984243684
ck_34a33ffe8339f66d,0.4650555130957219
ck_4e39e3b165edab58,0.5246352516813478
ck_1a71f8081ae00190,0.9468635934783999
ck_ed8f1200fc049c40,0.9593512477576497
ck_8a5a57858e8c77f3,0.02141425033329025
ck_fff9fdc2adf5100b,0.06264015834532324
ck_c76f1bf40f3b787b,0.007739343653094938
ck_1a6ddfeef82b1b1a,0.002962331525052397
ck_478d2667aa9896d9,0.027268084226005386
ck_641c8e7694b21f3b,0.2769567256095517
ck_293581d879f6663b,0.3769754942646283
ck_1bfa8abdb22be8f0,0.36528735197546053
ck_05ab5b03d0bf9ce4,0.4058955090531749
ck_35694db37f0cde7a,0.007811209467691516
ck_fe33eb743d714c03,0.01673154665077487
ck_abd10fbcbaf2b038,0.03546654833387556
ck_46d51648c1bf80e5,0.16526787268550683
ck_5c8390017fabfaef,0.018838623604252026
ck_87d55ca333f22072,0.013267219646523066
ck_c39c6a1453e2b92c,0.005335697196875409
ck_69ff1b0aa143a168,0.014892145422188688
ck_e57c79eaab35ded7,0.07725060808460625
ck_463ae759e2b6ad1d,0.009544089181473453
ck_0dae4a7eb587f3ba,0.0072757650144719115
ck_9b12fb56529ebc4e,0.006869747938566904
ck_1af547077ba2dd03,0.13941339183248527
ck_de13de941bebc7cf,0.018603677360410974
ck_83dde7da2bf647ac,0.019208312660720116
ck_c80a94d4660041fe,0.005900722832029059
ck_f39cfeb277ef6528,0.01584593522889433
ck_1cec1ed1512a2d3d,0.010316357916659418
ck_7955a359b6448799,0.0057833010087114875
ck_8c0955dad13c3ca1,0.015357706389485054
ck_6d4cd2de601a2308,0.025342298146047198
ck_f4536ba8dd2d551d,0.010087066884230517
ck_b379c198d6db2d62,0.022100970032985234
ck_76ea90ebc74bcdc7,0.027070251913976863
ck_734f06bd4aa92781,0.033465196789226305
ck_677e1d0c14cbf569,0.020756936723580633
ck_259271c70f3fbcbe,0.026417419353263184
ck_c0b744eb9e7d4eb7,0.0057032824990195
ck_3d41faeb96802f68,0.004351256713215871
ck_8f604fa70fc3c8e3,0.008440646512918183
ck_0b3c3bea0e0ed339,0.008964245115652327
ck_be5df076b8a86409,0.010226165288203087
ck_6a475fe324d7d790,0.003932887750584502
ck_3ba3fa5387bacee8,0.005847523017962518
ck_324b9939d9c1c31e,0.004493615314564596
ck_a7fcf7b592f68ca1,0.04542398473279043
ck_5b2728f7cca414ae,0.006674446796311765
ck_5f4a25ffd0b85a47,0.006458377344866665
ck_63d4f5076fe4406e,0.006314631283603027
ck_af528d66c86f0cb8,0.011512616422166243
ck_ac7cdb9b8da7b5dd,0.03422307299467992
ck_3bece63711407e25,0.02888441571013461
ck_d4e0b2a12fcfc35e,0.02053208266051539
ck_ee3e7c9d3a9c74b4,0.149080080012025
ck_50d7c4dab837bf66,0.004667590695827967
ck_ebcb93a2990fc914,0.049649591082781
ck_2329cc9702cdf7a0,0.06658456546750792
ck_db1fa53d588bf99e,0.019461054547867652
ck_44e57a0bad5a0745,0.01913364152220017
ck_472c81a144f4631b,0.013559488888653238
ck_1658429acd5306ba,0.02614792133090568
ck_466103ec5bd9444b,0.01355434917629973
ck_9757163e25262b74,0.020166908469235828
ck_34ed59bc2c9b0186,0.02470744766043807
ck_b7bd3a7f263f4f29,0.037647527219692126
ck_149662b09d632e41,0.024064632164353193
ck_a9ffd6b3957bd41e,0.01754907422249119
ck_ab80466ef615e85c,0.023645422454191125
ck_f2c824d3473db24c,0.006579761243155675
ck_a4a01fd45936b078,0.017446859501834232
ck_8f6ce158c2902877,0.01218450002521476
ck_5189a302cfa7cefd,0.006563949017667078
ck_430a3d03be588201,0.02480502371074906
ck_b5f9dd00914b4db4,0.05756687058690354
ck_52dec82e9cf6135a,0.029107181130179727
ck_95e444a01e2ab4a5,0.017234850456163936
ck_e37cee7b123692af,0.018840336127567244
ck_d68d42858a55adff,0.0185894843317186
ck_3abfc010091d679d,0.01400643584154718
ck_cee4e4e1b62bf82f,0.03506341248855066
ck_9ccb17c35e636c5e,0.02601226269098985
ck_f72a5a3b0d6c1177,0.01579888550032448
ck_7508aa554fae6afb,0.22520486276074395
ck_003aa842b7ca1d77,0.5771939739916403
ck_83b2b192f41ee2bc,0.0832124816350602
ck_64796b6b2c3c7f06,0.04456606224395342
ck_6438ae81d43cb196,0.010640888054046815
ck_2bd73d9098504760,0.09296647611381678
ck_aa8b9b36a099e4c8,0.033160165440718564
ck_e5ece47d0dd10526,0.023356347754191705
ck_16077ac345472e6a,0.006813501233799653
ck_a4d6e152b0076964,0.012055581034692802
ck_d90b1d03ae151f62,0.004996626953751384
ck_18b36d342b530af4,0.03471964426747479
ck_2a01e610348b84f8,0.06462414067819566
ck_0a93ed76bf36c8b6,0.009585355967117555
ck_3d56b477fe2370b6,0.00412129400837332
ck_17ab3068fa303682,0.025298132928722652
ck_592a3520d841d11b,0.02507389078273891
ck_84d07028b5fca2f6,0.07297538805285436
ck_f4a2bb10afa85743,0.007420411708083013
ck_4fe4b072f03f2c1e,0.0038613292103085164
ck_9ad08fcc183ea1e7,0.014438783118786637
ck_130d3848b9dcdb05,0.016548916453011646
ck_bb399ed6bf28c230,0.03246105938611167
ck_a31a64a39a2c4941,0.018894089504741092
ck_c49f25dfb39909cf,0.023110967350475662
ck_55f50a9ae2db8ff7,0.011189888245789899
ck_09faa4e771cf876b,0.036006188132034524
ck_df520a7a6e405889,0.0029185133994562174
ck_8c8c98cc694ac900,0.025797766249739267
ck_7f0c4f609673ef62,0.006831901811087355
ck_f51fe59cd445d2cb,0.009310738152815393
ck_b3fb83f0d772a831,0.18266514985514393
ck_d6e7e257751c299b,0.015556691079365977
ck_0d362ddb4a1cb6d4,0.06744442105022112
ck_a574a08edaf81781,0.00810139758405247
ck_a823f5bcb0e4b9df,0.006596605211976144
ck_f792586ad0381eac,0.03946270343026008
ck_54bfd70022c66983,0.007338718109618262
ck_fe0a9372c9372de9,0.02814982691479232
ck_5691cd6fdb6d8147,0.007928376463270187
ck_a95f212a02433d23,0.005379723407172633
ck_f5adad75e1c06731,0.017681196327781434
ck_e09c97520eb0533c,0.014487033167199877
ck_a1e13c0d58560340,0.009237889236188635
ck_cacc2ca410cbe80b,0.01695061451526334
ck_c0dde2a6ef1e08c5,0.008869210770541888
ck_a04403073c90ce38,0.003471643512700614
ck_03d3026107175dae,0.019042869302878324
ck_50176dae5b1b716d,0.006417583396463145
ck_6c084bfcb38e96c3,0.03902306812333047
ck_36d2be9012f7909e,0.027635819167395784
ck_958acf84c6137a22,0.008178380596792075
ck_114722e12db90a73,0.01324443018755793
ck_203c2a22c0c165ac,0.021041493101663374
ck_2c44ca550e5cfa82,0.03549943597127549
ck_df0a8f20ab8f14f4,0.013784668817298576
ck_826a27ff7555192e,0.01307549782048861
ck_09a988ebcf062297,0.022108937006717573
ck_5c82444b3b9160ae,0.03640180792852516
ck_f6a4a7ed27fe76fc,0.03942503004683816
ck_17de46314b5c6a92,0.006776666855355663
ck_335e63101b1e6c4c,0.05928603016849199
ck_c5eefc0697451de9,0.11285211020806026
ck_49a0efb5d4067b6f,0.2562947136720417
ck_c1f4509c8f5dac5c,0.031963314985721664
ck_57658eda1c59bc52,0.0032861425745722007
ck_0d5c0736ec76385a,0.011788700123803779
ck_e0239e6ae30795a7,0.009584129768732621
ck_e4459115cd8e5e4f,0.006716124158830744
ck_bb4aec09d4968dda,0.11216418817865768
ck_a1b4c96faed3e0db,0.030062263229005508
ck_8247b79ac67aae7d,0.016698765534871696
ck_fe2fc7d6e5d83f09,0.007165625455875321
ck_f6aea576cde8d592,0.0047009693712071286
ck_b7e7f7d0cd886412,0.07853473859769179
ck_ca7b993e8286af7f,0.015610866523641733
ck_47de038381a9cd65,0.06415707088733943
ck_d38f941d09eec820,0.010191082447576641
ck_d9ba2a6c0d926b4d,0.013022451781682478
ck_cda72f597330d0f3,0.01655768041342235
ck_16d2d27fadeeacf7,0.0029236197053770017
ck_be05447853d423a9,0.0033859840670049557
ck_cd92852d7376a4a8,0.006970554753054662
ck_2faf7ecccc9fec58,0.00712074809336114
ck_db8733fd92f20cd7,0.02979654683508505
ck_a9989a3a94c26634,0.03759560173817599
ck_957fb25437c75e41,0.15584783496419705
ck_e6a6caf6e7de17c2,0.08349117974035261
ck_f7bc569b37e8bdda,0.017707036932874017
ck_703b375dd86a6124,0.05387639924675265
ck_d3cfb3603f2c6ca3,0.031600257210746906
ck_07cb2b6f2a4303e1,0.019100231007672202
ck_31631e2028d4f855,0.015603604931801641
ck_1631bab0ba1256db,0.03898257718151966
ck_5fdafeaec036f016,0.010095083214463799
ck_6eda4c36aecad602,0.1431373067846174
ck_bd1bf9e3e29de281,0.0912256015528055
ck_bf378ea558a4125f,0.43125398856950564
ck_7aa2deeda0e57412,0.9948940599434845
ck_d229cf7f5a3f38ca,0.013234177938517208
ck_9e109edd124492a5,0.03656459051452848
ck_779491819995625d,0.02669807769840488
ck_b89c6fa2ad0a12f5,0.018518606835554945
ck_1d01b4a609918c4e,0.6958519591599465
ck_714c5d7cb17bc9f2,0.003662930351675524
ck_269f1746f2609ed4,0.00397587651680394
ck_4be03a2aa62b93c7,0.007058196019245652
ck_cf920313f6dd28fa,0.017977748409286235
ck_fb00aae4e17740c5,0.006317950662666213
ck_085d8c42739e2b10,0.9528745741833546
ck_c72a7d0d03cf3e17,0.05659431194536445
ck_8f6ca5d3b17eac6e,0.007285115734621888
ck_d9573100bbff4014,0.12557137004420682
ck_79d6793d1d0cf43c,0.01582967540168496
ck_91fa5032f7aff0f1,0.041584671057968786
ck_87110d84872c0fed,0.011379405124496497
ck_8220da627e9992a5,0.009665695841131512
ck_2ae44938847f3852,0.0032382241836132046
ck_b0f191e44f9b6f35,0.05366427528135785
ck_3049d744b527f4d0,0.008731691612836686
ck_47d3e8d1dd3fbcef,0.00399592159410577
ck_ddf787359d2b5deb,0.008214711631504223
ck_b27a9e39726b26d9,0.07440623252631903
ck_80c4e9274cf976b6,0.9376432756879749
ck_c6afa913168ce8fa,0.03375260485793543
ck_52427b3f8478db19,0.02512219378711686
ck_3b810f15ca0eaa55,0.010255291852352978
ck_0c9e420f97baaa06,0.7256570583228229
ck_f8540cf3a8b2f8c9,0.044195194292377456
ck_1402d24dd623df72,0.010409594447331007
ck_eb4f4267e24d042c,0.01556924200074734
ck_6f661b428d6fb8e4,0.02447831016784902
ck_519a26ecf3d29c90,0.020048421534897956
ck_e886ba71d4a6fd73,0.07149066094357605
ck_437f9ecd2016a1a8,0.015081131072654092
ck_f01af1b0c977cc06,0.020727622847322397
ck_614f777c2eb5d537,0.035842155866184916
ck_b804e784cde9af8b,0.005361479490968389
ck_c2dccbc1b24b137b,0.1255834005317498
ck_1df4a1781a0f6999,0.011345534861432655
ck_bd2cdd53fca26171,0.015512152847518296
ck_424c254249a109f0,0.05669345688719508
ck_cf2ca4f286e289ba,0.012194273683011876
ck_6c33cb15b0d8af54,0.009601468132015347
ck_311d395fa9b8550a,0.009806995399405775
ck_9f792e7e721ff7f1,0.010388280781037913
ck_4c37586080edb7fd,0.006001367464665401
ck_7c4f42c5397113b0,0.06674589429244704
ck_fc418f53ce4aa579,0.9329661506979123
ck_1ba28fb7ef726ce2,0.013189962159560193
ck_d932f98bf6b83956,0.07844182600130757
ck_248b3659a9239240,0.04122593471782272
ck_6a92cf5f4cf5de38,0.06635007918662848
ck_65519d0fb137e0c5,0.017213737515645058
ck_ddc3fc99eaba2064,0.02180009508406314
ck_7310cda3bc65a73f,0.003837575069394475
ck_c01c85bd631d4054,0.03747479854688421
ck_b4954d16b9749829,0.020492722137010734
ck_f301f6758e170d66,0.019256266337726268
ck_9bf95f8c47e7c7b4,0.019184516460624405
ck_c91b7fccf6aeb4a5,0.032077957158178134
ck_785fa45e86bc5e95,0.007334844746701301
ck_2a65f1cc23f1180e,0.009930881290563355
ck_a49a2c1f881a3560,0.036942060339991895
ck_def344d68f06d749,0.011778840538790488
ck_abbd1465fc730d78,0.04677422539678689
ck_07a5610ed28162fb,0.014322894578979666
ck_7ecdee2d7127be8b,0.22569514660614257
ck_67858bc00e81490d,0.027335531401530784
ck_b4ad165ace910222,0.007409257458318096
ck_30753ffe481a1b8c,0.680246091008536
ck_c401a26725b17177,0.0038830839767300326
ck_819988d8a7f26415,0.02615507006883888
ck_3364a1d9261b3638,0.22031680192440004
ck_c484c5bda389bf20,0.004624580250588289
ck_ae416325fef92c9d,0.8539223058023101
ck_5517b9a865960542,0.007620927580561184
ck_a0e96fed380440b2,0.007013694582552759
ck_e83409471d2b0b44,0.027243764072531124
ck_127273af97d7827d,0.007711877698774769
ck_aaa9861c91bd14dd,0.012983512077797134
ck_a378c58294001a36,0.543486203472807
ck_abb9d65ff1f95b64,0.01281797993580448
ck_a5ecbefa849ae569,0.010505960997461632
ck_aa9953c0ca2bed7b,0.03345776407489313
ck_40bc6de252865f32,0.011974818695453143
ck_9fb11688dcfe1513,0.018364496378980383
ck_ba68841ca2ba073d,0.02017302734841755
ck_1d3e561a7d20be0a,0.9823338919021362
ck_99a92d710a29c1d0,0.0328884486623989
ck_ede2e887697ffac0,0.018155433029711288
ck_e6de67c0d82a7b83,0.010611236559129576
ck_6b38763bf5ddbcef,0.02542706491229551
ck_8dd44eead7d765a5,0.023275874804690826
ck_30bf5b0056eea9e9,0.27659754019197924
ck_2981d16f8a51a8ed,0.07644646235363782
ck_fc60f42c68c7024f,0.026531774999811606
ck_8e2b2251ee224aa4,0.005456963934497091
ck_1906f0dfaf6e9bad,0.5017073110902921
ck_dcbe6814fc4ca0b4,0.05702021235427479
ck_f7e958a286ae3b57,0.05936503184603147
ck_713649668a7ca824,0.008101698807751377
ck_6f73cdbf9305e2ea,0.03319293896332616
ck_dd1c490050cd9051,0.1483770886256807
ck_e30db36e376606f7,0.11345960996081317
ck_740d8fe8028b5a2e,0.10346126398411093
ck_ebbc9418cd41f692,0.005279897432156993
ck_7b3cc6cc3f250f39,0.038522657444973976
ck_1d30eef7110809e5,0.14958411138418234
ck_77e0589ab339ca66,0.046981906939696755
ck_15ccbf8ff7d14086,0.05718498068376738
ck_246989b0c288664f,0.015183029019579158
ck_fc2a6e27b10b10e9,0.009257155478517942
ck_8afc1112c12f5402,0.00909362754138863
ck_a76e8d83b9141364,0.021340218375921767
ck_51d3e8dd7465c015,0.005987492709945025
ck_e7b4016909405981,0.004039044468106554
ck_e7a3cfb9bf908e80,0.009656588044128727
ck_2bb49dc2388cdc1e,0.03135058661037972
ck_94f4266ee7871345,0.01771821350966137
ck_b2c896beec146477,0.04536686773563979
ck_fcf5d4a4748cdd53,0.046663727822782206
ck_fd0483639811f62e,0.08250232339951945
ck_9a21d183524734aa,0.06669371510353887
ck_1df4b46c0a4c317d,0.047553920076172894
ck_638df9e8a22dfe0b,0.03602510664239514
ck_65acc43a6dc3e65d,0.050858767635307806
ck_7c67b73196e3d0d9,0.2807475910470627
ck_b0ee3a98175b462d,0.0199533163966652
ck_20fad010969f1abf,0.02483229152587354
ck_54b087bd873af8b8,0.004556478556924969
ck_8007824431fa803b,0.07310031497573417
ck_23aab322810b9fec,0.02114319827836003
ck_c8001bdb9aafc8a6,0.009499432846322662
ck_3a34c3ac83cf84b3,0.047877951929491576
ck_60187ac2c473a662,0.9858613002134415
ck_6a0ccd7357979f0f,0.050635737848679856
ck_27f20337bef5ffe0,0.021214213070989446
ck_f9fc468915afe49c,0.03499906778733209
ck_1eabc15a94bd9009,0.016055671042266607
ck_26896c494b2768ef,0.029878948019905906
ck_348c874eaf0354f4,0.013046332764298781
ck_be9c46acd216b45d,0.039498593029656553
ck_a3cce46d15cc20a2,0.03742277194033016
ck_70804f60d9704128,0.06659556754432626
ck_a019151ca8e7527a,0.04494389915017268
ck_571133b2aa8ead51,0.03531252161253868
ck_0afa4449f20d5196,0.05458523907427406
ck_4d503c41cf4e5034,0.049413698368917236
ck_d6fb9cc5171e3e9b,0.3155965451684206
ck_05ed92a7c3e10e5d,0.006567814797003077
ck_bfb067986660afe3,0.04867610716124851
ck_c1a31690c8573226,0.010754896392994104
ck_cb88ef3dc1f42225,0.02580297726606198
ck_21e3b3bd998745e5,0.037344716968079186
ck_cf52e46fa54e4540,0.017284557699558802
ck_b72c7ac4208052ab,0.01062866684781258
ck_e6465c56b337e6c2,0.010413294512045802
ck_5f87eb05d18186c0,0.012194796268791065
ck_263f6c5ff26b5e98,0.039895305814286526
ck_e0b7e2c0bbe228d9,0.02616357095600001
ck_b657ae3c146cb7bd,0.01348932071019326
ck_abac514d8167ea58,0.15477105997475285
ck_024dcab126876002,0.027455568442103558
ck_5d8481e2b38bd99d,0.05705236519606569
ck_edf229c17d25dac1,0.03412656842186766
ck_6cb7c97b72d6b5d3,0.01134262658168216
ck_c96ae2c28086a059,0.00956744312948077
ck_2f241b97c0f8389e,0.013429338726425084
ck_9158bdbb63ee8987,0.029772023650567133
ck_e7b40b60786c1530,0.009088396476134282
ck_66d38518f68e6194,0.014855049271737869
ck_8c9b57ad2a991416,0.043689789518162984
ck_cc91bd7152d3e9ba,0.007700120694088234
ck_0d846660c7957a88,0.1049978610909712
ck_60896cdac2212bea,0.0576911017694578
ck_dc4db8b932df49de,0.05567282417778231
ck_2dc31db181150e20,0.008376395219604846
ck_2f138fce1171e277,0.01798704407803049
ck_68b8b859a6ef505b,0.03374258460099926
ck_c3fe0c6c5e1f40f6,0.026401221937424935
ck_15886fe84866de92,0.013411532040256661
ck_ea269b35406473e8,0.02838417945633484
ck_3ce7cad1f69b71d6,0.012813351350353754
ck_054ed4288ee58d6e,0.06721987300370379
ck_3d4913a86f207fee,0.019305382922043157
ck_23ff85f9d2355e8d,0.010685471904376605
ck_d87ab3261322216a,0.009441379689480394
ck_fac046ce336fe39d,0.0047791563544287465
ck_beb97e498e6cf8e8,0.021570629187236623
ck_1f517e0ebf397b51,0.06602190661963023
ck_0af57ebaa45877a1,0.00230166451493772
ck_f99bc1732ce5e999,0.01723062745346891
ck_abb056a9deab275a,0.022003669454121168
ck_0bfc394c5faa65cb,0.020291730804768152
ck_ddc865af1dd5670e,0.02063074118145077
ck_68b5542459638b56,0.024740174091044863
ck_0b1d84252c0b46c2,0.0041280570337547265
ck_520ec32c4f253604,0.019749895294845894
ck_79ffcfee599d77c7,0.010725190399448758
ck_eb224c0fd146253f,0.050411080451797534
ck_0e477084434da450,0.022753137640126386
ck_07840bba5570785b,0.23341456382411743
ck_6b67fe8e310ab865,0.020165423436347252
ck_e2a1068c2fa22525,0.045707857328966754
ck_b9c6b32f6bd92a3c,0.017364626318901573
ck_c1e7d1021ae58f00,0.004813080277333368
ck_5d7801201749ffde,0.02174089396417509
ck_c8806749e263f70b,0.0033717201560991778
ck_c9eeab826781dc91,0.009065249846021896
ck_309a432c160a17b3,0.004918123924713114
ck_b22e3337b8e3dbb2,0.0279114654106323
ck_79c30169c71b8033,0.6741803049489344
ck_5a6593d954085775,0.01736510714401429
ck_70b9b79ea1aacba8,0.030618225268513
ck_63743141ffa11f45,0.010299317052458968
ck_dfd3dbd0d97a642b,0.005590543824577629
ck_635646a661f05b4a,0.0178391661773998
ck_4b123d6931b6d0d7,0.384879468958955
ck_f2b0e7a47f442557,0.08931065929773818
ck_1b1df006b81d38ba,0.01842756408970578
ck_360237c1bd30f4bd,0.0069816550259453915
ck_5e84bca0e362da20,0.024654551787236415
ck_142dba210ed2f3b5,0.011855018659597188
ck_a3564236069e3524,0.08416887877551575
ck_cf36d8b070ded782,0.009185511040459981
ck_ddd6625c5eddad70,0.0041839639572170675
ck_ad54292a0b2f44ef,0.011591555234184316
ck_45cd5ef6b359e9b4,0.0074418583370970655
ck_982c2392238b7be3,0.2706106192999654
ck_083e4ac78685c3bb,0.07762165201885034
ck_729cc0b46cc2e546,0.24180761084108496
ck_f2b8995fe5402759,0.00283442607096491
ck_73e24f5a8da289b3,0.057678272105846
ck_bd85f30c36f5998d,0.01458196367515012
ck_ee4ff3aeadf912c1,0.02938281731417386
ck_63d2978706e193d2,0.00543840806593862
ck_6a0684436a1e66c3,0.036210935071315425
ck_182dc4a2f5a366da,0.010295100779669827
ck_e6fecb82fc2a82de,0.006918528749081571
ck_cfb06f07394dfe64,0.009268394762656037
ck_7bbe1dc8add17ef0,0.03566530102418412
ck_5cacad76e02c8e3d,0.08819830706628706
ck_ca68dec0c7df5a12,0.017814347029966655
ck_e4c0fc52c82065d3,0.011294776848947665
ck_f9197b070416f443,0.006368874222832655
ck_2a07c7021b71cf65,0.0450703881289059
ck_4fa85cebf707de2c,0.016202218673941893
ck_0063d2a9507467e5,0.004659257129600276
ck_ec986285fff05b7d,0.01567267027474623
ck_279d43303708109b,0.009978030214725457
ck_a406bf11e48cf8c5,0.04053231470257161
ck_064b2aa3f0bfdb6e,0.017684249875290877
ck_95790440bc4bd2d0,0.014125360111996112
ck_70066eea13b4c34f,0.006673243979878808
ck_19468fe07e26f992,0.7910866684775347
ck_86bfe328e0a533b9,0.6531419591945979
ck_ace3b96c977a7560,0.04835109481008708
ck_642344e5c652d8df,0.020046556433455417
ck_074be35c951ae10a,0.01965883546434344
ck_f14dce41036486a3,0.9742404291578893
ck_5cf67a3a747e684d,0.13797118039729328
ck_f7285b92648c1c81,0.027663925572772273
ck_bef3193f124fca5c,0.08029238869724716
ck_05c4dcbb45de1f8d,0.02732481183439699
ck_d7c28eaa05bb7144,0.009613875511044598
ck_320df984791a1b99,0.004670603001195639
ck_f45bad1606fa00a7,0.005461982274093198
ck_6f81c199e986d9fc,0.0038986247314214445
ck_d0c9633fed57c344,0.15937333312975327
ck_a3c25d6cc7478068,0.023245996056362683
ck_4185506d12cf9fa0,0.007537924113055751
ck_7a02ee1bfba7353b,0.007887301512150119
ck_1b52590757c0fbeb,0.01761661990937183
ck_a0e5656e1cf9cbf5,0.005902300699628784
ck_ace21f6daef94f6e,0.008493279375602394
ck_646d8d0834782d6a,0.23725827957346957
ck_1f136a4476b5e775,0.015767465730941548
ck_325c7643cce02da3,0.08261514216521872
ck_9b5e7fe28208f5d1,0.008126368469038076
ck_05d81b1a150f31c5,0.008722001376108355
ck_0e9ec486bff403c5,0.005447087583786967
ck_ee13c091bc379188,0.015977097226697667
ck_f7a7f8f5903617c5,0.05792779737680169
ck_96c3a3517153390e,0.020368313272024284
ck_538dad7f096458ad,0.003573910975610551
ck_8758fc6622bbb7df,0.16778697280598592
ck_f7e53af3c91fec64,0.024761498680813378
ck_80b50fad7f255e1d,0.021837790305846233
ck_9645e7adc08631b5,0.040305961815531186
ck_e007aedbf37d6ec7,0.010068602292671794
ck_2951d76c41de2569,0.08963943798722297
ck_9439bff87e616d4a,0.09586521665451252
ck_a73045e96af0e4fe,0.02714071156130127
ck_7b382e533e2e925a,0.017782099376542734
ck_730226c2d216cacc,0.08268956232448052
ck_bdf837d761a7cec2,0.01863917163279374
ck_0b34197335ba3341,0.013961077239847871
ck_49170c4b31a20f5c,0.021550427204799945
ck_cd553ba6589d8bfd,0.02296250391982016
ck_56b992c6f136fa5e,0.03243269066018238
ck_8beae3d7328fa41a,0.08189754650837935
ck_1a065ea906ae3d6a,0.01329650027446627
ck_e9e3381d5e0e5051,0.005401132023885504
ck_a6d4f998dadc90c2,0.06825779610439976
ck_d36733da917115a6,0.0192375125012064
ck_e738e920bbd74a7d,0.011077269798830449
ck_af65eb885a51048d,0.0149977788206739
ck_73f4eb09af29b1c0,0.010226565473562892
ck_8fc641b1750a2542,0.04870420643231293
ck_41b954c7a948c060,0.05449234399778517
ck_25fc3010e8a0f6d7,0.028387705614756273
ck_a2624e0387974e0e,0.08677398717772043
ck_5cb9d7b2329d5ab6,0.024023418051558807
ck_6c83aa1d100a7cd8,0.2106366015877097
ck_67025c64588abd1e,0.008307840503624143
ck_f5dde68f6f0468e1,0.005220833756978647
ck_46bfb2cfc29a6d2e,0.049327256700316444
ck_49dddb894d33f6db,0.02041215303435093
ck_f738b633b8862d18,0.013947654894514659
ck_3d6c3c00d854f5a4,0.04399966188623951
ck_cdb8061d8d1a6c5f,0.026221146173886302
ck_5e1b81848718bdc3,0.03922740333609374
ck_8def763034187436,0.009788897584180072
ck_8f8e4fb9c6190272,0.017491666186484393
ck_368b968b5f33431e,0.009220913789821773
ck_ba7e347251ea399b,0.04240371557254183
ck_9075432001a64e75,0.018772048191473278
ck_73c5371635aca173,0.3776286427335435
ck_81793387b38047cc,0.0321632426252659
ck_0cf220816e320ac5,0.002692541223049537
ck_820219bb9c761b52,0.0284216742927046
ck_70a932ab39d86a24,0.003665770858426966
ck_2c4be237a7ed79c7,0.016366554601208585
ck_acc764b49ef02826,0.3224498930968049
ck_74c3c3452e4e7cce,0.009166742287063913
ck_34dfb57e5bf31d2f,0.009075071820874182
ck_6ec39903f765956d,0.03808757833986126
ck_5986119e7d81e831,0.03638020544377292
ck_2ddfc948b8eac752,0.1734227589000474
ck_921ff5ceaf40a968,0.06905225044962576
ck_fb3b68b4424b5f92,0.06955839995707373
ck_c3db1b3ad4f16679,0.004906139488942079
ck_124a197be41687f5,0.015026876977893898
ck_c58d9151834f5bad,0.01549650551963579
ck_389607982eb6b701,0.8358213233241277
ck_fb0c138c003e933a,0.004822012394317991
ck_50d0bb7edd8c69c0,0.06278726326444423
ck_c6cb651149dc9a8a,0.034594592046485226
ck_81e21354e477eceb,0.0533984689502136
ck_7696e38b3e4197b0,0.009326997279069693
ck_586001d3ed9e7fbc,0.00996352805039072
ck_bba413492dc46f2a,0.018120333809660556
ck_95b894380ad2702a,0.018667302595013324
ck_277621473369614f,0.9923746103115264
ck_a50621b5eeca84b4,0.005320412131566827
ck_bfa7ba218b988cde,0.07864740805001519
ck_5ea89567dfe78e4b,0.01276160900593585
ck_6c679602a6476ab2,0.0505885948430736
ck_d3885e286b3b11d2,0.024351215994789222
ck_cdcf6671b37c9c92,0.004782343765646494
ck_b5c93e6d34f8d366,0.007481142071742952
ck_c24f61925dc158d5,0.08039834266809096
ck_cd09375e6c81d2c4,0.018003011908097798
ck_a95afc7a00303a26,0.1645946230034253
ck_8e89ca8b39f3f8ad,0.02574975946751681
ck_9a84b396aada3fa8,0.3791851992229565
ck_5124a2e415384945,0.10613484989269509
ck_d66bb1f063357f99,0.01272163493660583
ck_0fd9312411b0ac55,0.018985592261816363
ck_ad8cbe6e27e47ede,0.013007704567694607
ck_8398adeaf41f9cae,0.020345807193358063
ck_dcf851e7bb5855d0,0.003956984835326189
ck_9affb0f26776b642,0.0210454624821509
ck_f0424b3b36bdbef0,0.11969140442829784
ck_66746d1090d6d9e9,0.02332587709733927
ck_e5f8c8a5824db594,0.006486566716771515
ck_3e91dcc209431984,0.010096374615110806
ck_126a82e8d42e5ce6,0.017566029775492927
ck_38e4a74ab256e2eb,0.003434235634318259
ck_1225a97fc413a419,0.026924360511517788
ck_9b5ec0f78e160e65,0.021322754987334446
ck_7c5529bcc079600b,0.031862993900237155
ck_29640fc2fe81c251,0.05261922197916382
ck_160e9ba0a3f7c1fd,0.01246120871102022
ck_bff090cb4ab76b9f,0.1335703939184698
ck_aa06ed358e43db69,0.04805785228463219
ck_7264486eb512d84a,0.08645967388510097
ck_f5a32e6160b28379,0.023131200630981757
ck_4ba8bec14c2217e1,0.06671706957544819
ck_610815786d729d2f,0.163292794779374
ck_e267999226b6321b,0.018048311181642417
ck_f3996a3c8eea1ea0,0.012569184698863457
ck_e9b75ed7567a3f23,0.04002667298207202
ck_d21612d48bb4f7b8,0.01496155357892693
ck_1f871df76c6a995b,0.016533015099623356
ck_953bd5de48ccd70f,0.6024196636615837
ck_02a9104419a6dbaf,0.01137117731220529
ck_1eeeee651e05d535,0.031803392969652594
ck_e2ab04136a442a98,0.022525879545358996
ck_f0d806624ef3d359,0.039290311713660514
ck_4b68b38c1b3326a3,0.04492390125133481
ck_74e60495f8861156,0.01844532660176016
ck_398f3f4cf05c721b,0.009558877428277933
ck_f761b7650a0c1a85,0.31721444841275365
ck_7dadef33f5e2d94f,0.9825232867174626
ck_6ff6883633b8c7ba,0.005330137262154645
ck_4d2159603045109e,0.005254807084734407
ck_a38bd07a5fac5c9a,0.05638890273587829
ck_f517f06551e69507,0.00853448121392332
ck_a7ea00a1760ad561,0.9114736144732218
ck_31fc51d5a3dfe16a,0.06136143000378849
ck_bac5233623b25ca4,0.021422445647367793
ck_385188ab27784fe3,0.09904712725218293
ck_9947a323bab5cacd,0.06645673383137306
ck_7973edc9f22ee7b6,0.01915152192465363
ck_f97c477986043755,0.015697460093752325
ck_1a3fd2cc4b4de196,0.0027888797139413624
ck_e18ac29ea62cb435,0.035505258710526254
ck_9720a472a3e0140c,0.007333438743444934
ck_668c7fc7d7e47c0e,0.03200695716499359
ck_214af0806470ef48,0.020904707858756835
ck_a46c1773f01f0be7,0.130661925538209
ck_f2bdcfb4203ffdee,0.01801206389099976
ck_40e84e6ffe788a4c,0.024760416137811644
ck_dfc6f5712d8d6678,0.05326826284816136
ck_01ef1036b2e66a4b,0.023010918241218238
ck_3acfec10eec32f9c,0.03744785645456911
ck_084a85145c15ed77,0.028798249884346462
ck_fcdb4fe2f095fba1,0.1223603272685486
ck_023908db0a193076,0.1025356548508466
ck_fec0ff92fd622253,0.015041079920184688
ck_c009c97d5fafbced,0.14214733640052968
ck_eb9f0c06ee017ee5,0.03640210245002311
ck_d7792b429620fc24,0.003517633681688846
ck_5e9e149a3b69c726,0.04801657171412166
ck_ce927322ef8f651c,0.005445329387113915
ck_b8fd61a8e82bce32,0.9810167279650283
ck_9aafc33fba1474cb,0.002165333840087572
ck_ce81ff9b8b35562f,0.19583312032926067
ck_25bfca1d8eaa152d,0.0035090101140175588
ck_170c65860e2a7e23,0.025586526340605032
ck_952da7ca9f33decb,0.17877712480079835
ck_1ebd574406235957,0.008134162347815334
ck_589109a188adc2c1,0.017310142406963047
ck_f0cbd5383bb07778,0.03409751020649112
ck_242521e261148fba,0.015429290411158758
ck_509cece86a558de4,0.05063179481005619
ck_0dd7c5925d28755c,0.031387389608474134
ck_a7e669cf1c3985aa,0.018913752408311012
ck_acb84dc2351eeb76,0.012922965458969288
ck_b837c7dac2a9b931,0.10322373460275393
ck_18eb1f9181f95df4,0.0034056211340806925
ck_b0b9047dddb1ec84,0.01285919853769272
ck_43aa136bdb0a2832,0.4079414820799897
ck_3e47f8c56c811700,0.10222077865035971
ck_77c587d24695ea15,0.011576354207938103
ck_20578ac693ea4e93,0.03432017174150427
ck_b9f6040eebd1605f,0.0814524410125477
ck_ca9d86f65cfdf018,0.08164846979901265
ck_a4fa8833995c716a,0.014601437126990859
ck_f589f1e29301b5fd,0.04609688696007918
ck_961ddb8ff55d868e,0.00549251489366504
ck_5662492a54e6688b,0.26362131870076655
ck_ad48826c1c26eb78,0.3702138253904011
ck_621c9ddde6bf2eca,0.062489186241037914
ck_417a3500b2c717b3,0.02028635738893862
ck_c7e129058beb3ac1,0.017650873586191693
ck_ec1c902b9b9b9c5f,0.39230554585976674
ck_317360ec0a67d27e,0.03824122571567067
ck_3e3ea5d8c4a229dc,0.09693356805727821
ck_d11d27de7bf0b973,0.027776236041128242
ck_d37d56e931105db0,0.01915985215713914
ck_4863077723cd6ce1,0.022319066556710183
ck_479a065d5903e9c3,0.030631391076219254
ck_e66ae4fd586fedea,0.02893028407126478
ck_192bbfd0d5720134,0.006338825398323765
ck_3b436cb29af99f3d,0.014709747253532204
ck_7c7ca54969eed187,0.019319076891240915
ck_826ee896c9f1144d,0.055044603937930245
ck_ba1f6dd43fc8a0b1,0.006222277445763374
ck_49685deb63e4e8f8,0.013337148074537524
ck_687ab5d5554bfa79,0.018027801323205722
ck_41346ccd9242cc8f,0.0025014797389063836
ck_8f8e5e2b9dfec3d1,0.04870101010334564
ck_94d5ce61a0c50465,0.005147603718767628
ck_6b954c75aad8c012,0.059377545907548984
ck_748af92828c9d288,0.0077071297686043564
ck_dddd14091ce812c2,0.012227120008220677
ck_723323f6870fab59,0.03094022318378862
ck_dbdf8d0708cc6718,0.00376968329609381
ck_f04938570a154de3,0.00344756073759026
ck_58afa1550b3b5294,0.007200453349011715
ck_3b150afde386ecff,0.014659828879303225
ck_666b95e75d99ec4e,0.793041311020213
ck_e00332597cf1eb24,0.029680793341230045
ck_9a9e3dac79280d7f,0.34605523910797176
ck_e8d37262e859d9a1,0.011634100702939647
ck_895bb39d24bc1c4c,0.004668048113034269
ck_b367449195e36499,0.011381515627794925
ck_d23f9a50d1135ce1,0.13449953213977173
ck_670dc4910cf476c2,0.011504968604863502
ck_3ecd8a5ce65e21ca,0.002816719417207774
ck_8584fea2df4c6317,0.01783132837713272
ck_0789ff4562202b20,0.00837362787306871
ck_749e0e50c3907be8,0.016713392019970373
ck_c3ff6790cc6d7e34,0.024946015697995483
ck_75fb7e56432ee4b2,0.006737088854350408
ck_529fc3170fd11abd,0.06574739167754594
ck_34a69b3b4a681796,0.377360339777794
ck_255f0e5888ae9e23,0.04059407251026163
ck_65be698386474170,0.01619502941541544
ck_5eec9ed855c26000,0.0131261527614136
ck_5ab39bdc9610f6f3,0.40522259518593345
ck_1b5b75762f033462,0.025815315240488877
ck_d3e208671cf37f91,0.8737119033240778
ck_5068ee554ceff971,0.03249899570214166
ck_d7d50fb57fcb2d0e,0.005262832386456139
ck_ba6e1115fceaa067,0.06133435398683375
ck_d07bfb16a4a7dac0,0.9111133859404293
ck_ead68310311690c8,0.6991538217351393
ck_ee53ce862bc9c111,0.13144803542886416
ck_97e56e6037024dff,0.0067586512138553
ck_80b04344c98ec072,0.04006525591820228
ck_5954f45a2ab45f43,0.0335406746343611
ck_18ddf7e836256e3b,0.019832015434212112
ck_89a1a780144d808b,0.01563981494494969
ck_a7331e8b808c39aa,0.03246273643619357
ck_a1fd0ad03ff9b776,0.0191259478245802
ck_c0cf50eef030b401,0.026152442345271202
ck_074f20921189e7d6,0.004716843900028453
ck_e2aa7be60794593d,0.017303132303708318
ck_72771757dfb7f7a8,0.02128822967658676
ck_a9cd84a6dddfe584,0.10172139768375803
ck_142c00f9f8557504,0.01507721086945142
ck_221b5d40358230f4,0.05663862639229057
ck_a2d7a563f520b7ea,0.006500632943245624
ck_66cd34bc568d95e0,0.020928397230642836
ck_a17128972d3e507d,0.008023088560057737
ck_bda299466bb2136e,0.030365092347645367
ck_2b699066665abe8a,0.021241370859311583
ck_0ac9848bd4ba0c14,0.0109324719652019
ck_98d2f9a6ba3a3077,0.875026904506844
ck_a872df31b28a5f7f,0.06933419813996865
ck_7e73e1d44ce82ed9,0.007961815129287494
ck_1a415416f620d49d,0.17515820203331164
ck_c95c786d2f8b8edc,0.010017271926620145
ck_e45012f22b7f91d5,0.029531407624148315
ck_aa0b083e2a6813eb,0.061469558526052716
ck_4666232ddbf77756,0.009893478269837486
ck_e08e9c8ec5f23d8b,0.024848819588606904
ck_31d4c0518e5f52c6,0.07385132522665906
ck_c1ab40638f04cb02,0.00514281029064283
ck_4c1fdd1669c7cf51,0.025568567085264705
ck_11662cc7940ffc82,0.041566265980671126
ck_2e679af24adedac8,0.063007135630615
ck_454b9e21b7f25a4c,0.008744622959990565
ck_355c4f29089731e8,0.394253128599601
ck_507e40760a24d2d5,0.012265205542294166
ck_0943e0f305078e34,0.9666696138280548
ck_abc54ed7111e9ed1,0.016736325148825597
ck_a60fe02fc04407a9,0.10757214464059958
ck_244b897bb4d57c1f,0.01717867121183187
ck_8c84fcde93a04334,0.08559874984353888
ck_9eea37d2de633b27,0.04547191419070989
ck_b2cb9e6610eca967,0.008496498286387434
ck_09aadb4c41b166f1,0.10794909115518701
ck_8d94fbb4828ef326,0.029897774357920834
ck_089e3a07abbe3b8f,0.008389059978135126
ck_dfee9de05e3971cf,0.041384008786048684
ck_6abf8302ce052451,0.2356785016735718
ck_6ffa90143838a4a2,0.014214985492072507
ck_325caeab5c7a9c3a,0.007317631381445492
ck_1964ee9db929a173,0.8330060943771275
ck_942b95988a6245a6,0.14577426626090703
ck_913ecdeeb8e21a9c,0.014832973643565436
ck_ecf9794349eb4b3b,0.07778018115131484
ck_b6cb8d6ae828eed1,0.049897794758343834
ck_2f82ea66c4f53b33,0.15663332573748567
ck_6e676daa4855b58f,0.07744566973357042
ck_2a37fef48b44e9c8,0.004658505679960673
ck_3bd12d468fdc2450,0.013897858891689695
ck_1a28b6a40a6bd3b4,0.018523499081739343
ck_61b79dec96d15713,0.014674031747835003
ck_31d5e3daced93d3c,0.024519270903444766
ck_e6c8611c0cf233d7,0.011300817284605703
ck_f04761b4a937ac3b,0.006919447019421995
ck_38c1c75cf055031b,0.05870117085383837
ck_59a561f3df01441a,0.016134999040059435
ck_04e40f556a5062ef,0.007456829596800989
ck_8409716d174635b6,0.020612126050459683
ck_3019afee83342701,0.01791342871973497
ck_b51a58e7f032c9a8,0.0296894898195316
ck_5043e474f848346d,0.009713611827529998
ck_4388abce33ecd01b,0.21655598796506187
ck_c93def7392f0aff5,0.06395787161842349
ck_72e7b1acc19df820,0.08006234955299402
ck_f253130dc3ca5b3c,0.0063985666863327776
ck_eb264d1b180d4b4c,0.09280218772600526
ck_c2504f5a113433ee,0.003010801459407244
ck_c16ab1e4dafb4910,0.22281127391590796
ck_4bc42878fa180991,0.07035769847587305
ck_1c771a7c78f6622c,0.03846769050602992
ck_d523f0e50a2747ad,0.007833463321681312
ck_9060f4e7ab7a1b0c,0.04504822734195346
ck_6b55ec4e87a5e22c,0.04561153973004973
ck_55fc62a5f89a7251,0.011466855435009889
ck_bd2545c62f258231,0.09756892574485355
ck_1ccdc69d0bb712b4,0.019198077441696167
ck_710f867a3bd5898c,0.0083305710191311
ck_f91d48c40337d375,0.03731456900528181
ck_f76d929541ed41dd,0.010747227678527607
ck_e26a6659c237b650,0.022224110542962864
ck_184983177b73dea5,0.01199300116526477
ck_6d0d081bfa8a0022,0.021767407315474815
ck_2f6e64f638da0f97,0.042643491966582694
ck_15b93103ccd38609,0.002814431845714517
ck_094d10439b7b4eac,0.04911349171803211
ck_d2ca47180a926ba2,0.025553442913611404
ck_a69ca7b9d70972bb,0.011160047023225898
ck_68914e67343a7d32,0.013588829468263005
ck_8176616132458c0f,0.03866870416498377
ck_eee99af3598311b8,0.03486432784397994
ck_94410eedfca91304,0.04012751335546555
ck_cfb11a0a2325bff5,0.006390473478782911
ck_75217ee144b715f8,0.099342141024325
ck_d56fc799542299b8,0.025600865155231745
ck_4c352dd3e7c81269,0.17540980520612962
ck_e23e50e02cb3904d,0.13475243831381112
ck_b921af37d500e139,0.053962514601551013
ck_82181b935360dcbc,0.9781647028806515
ck_22a7cf3b99c5e5fd,0.02065852227869379
ck_f67ee7910d532216,0.034195004516680526
ck_5f48762a14a0326f,0.006533800109350739
ck_1757fcb0e6e3f88e,0.07765944061122447
ck_2c2f080ba185016e,0.01520099443657369
ck_4c25570eb72711b8,0.023212115270181098
ck_a3be871ca22ac416,0.15073274755876176
ck_ab70961e7c6695b2,0.00828100567183411
ck_a1cdebfc42a52448,0.09082385633344743
ck_f1b80b821a20186d,0.009818497244784096
ck_ae668e4564cd2aa1,0.02835567476869113
ck_0e2bc3a5afa439d8,0.05459641288115059
ck_3dc378f37d0b74b8,0.010011554790678709
ck_9f9555197480d1cd,0.06519729923835811
ck_bf4e7d48770a4a8b,0.15561765764249777
ck_614ef655f0685060,0.017392940045678474
ck_04d2ea38ee27770f,0.04243969709907411
ck_e03a9d8ac94161d5,0.010138561993440027
ck_d4007b5b26d9d854,0.009292433599998911
ck_2dd147ce6d61749f,0.0153852236282359
ck_ff45764ea7d6619f,0.024754177382096485
ck_dbc487cb0a6c18da,0.42491812571116755
ck_791d5392bbd80447,0.0024665705076682503
ck_b4068439c413b150,0.028166547702950073
ck_85df7b7de9700aba,0.019319229590409805
ck_001e42551cd06e40,0.012259726998038257
ck_a6c02ae50932cd9d,0.048799798363648526
ck_9fd0be2c018ff5e4,0.11436188738726004
ck_32a495128395fde5,0.012557772787573413
ck_b6f2a2fd232c141b,0.13292424031741643
ck_28dde633692904b0,0.0792710348067759
ck_a1a93c5f375f6021,0.07010929436653184
ck_e3982142336782df,0.013665161052844203
ck_a9812ff3c111ea94,0.053154671497377536
ck_f04062216f95fa00,0.019712487717375025
ck_7c560467daca735f,0.003820040577245279
ck_76ee10d6e2dba70f,0.11760924845337044
ck_3521243bdac61178,0.013126336881157857
ck_28588fb03b320520,0.020525388379442455
ck_580dcec33ec232b8,0.03337202616160183
ck_7109923fd7dab20a,0.042502982988791266
ck_7c872c99481c1e9e,0.0192986745741389
ck_46f4e1f5026f4d1b,0.003968091250425316
ck_00d1ebc31ec4653c,0.02501467712432696
ck_aac70764dde15168,0.04283088822547545
ck_648c03f9aa4e45f1,0.004202151045447179
ck_5478eb69ef912785,0.03250695812214359
ck_79b8523137bb2603,0.04418169984838985
ck_795c49f312640019,0.0031779893289381146
ck_89184bf7b7fe41cd,0.3135412491601356
ck_97d4bd922996fa10,0.07845514718205818
ck_1cef30d08f3a598d,0.01333649754329023
ck_2f9fd36a4a40a6a8,0.003534290579172967
ck_40780fc0f8d6f309,0.02711298399648298
ck_9083ca9fec2a7f4c,0.0069378745950130025
ck_62081bc35aa59931,0.07820020466736156
ck_2e1b46c5fc56b863,0.09484878121572701
ck_3d139692c51b604a,0.04129562747822421
ck_b5e54e22e3d6960a,0.00463418816154857
ck_c0c4be3f44311b04,0.010757189023582657
ck_82a8bdd2692c2a5e,0.005742120700522281
ck_bdd2da300b530c5a,0.017454140765002242
ck_ee40498cd97183d3,0.005559682388033115
ck_70b9274473bd6dfe,0.017263208982798338
ck_473d6314ea614b29,0.014100675933492991
ck_7443d6dca8cd1352,0.030140433491192165
ck_3b49768b448b071e,0.021616436496266836
ck_b43f04431c267dea,0.01901706261737752
ck_4424a5223ba2fe00,0.04162658975231054
ck_819bf3e8231f4081,0.03782529187032233
ck_91d417507a8c58cb,0.10025282887742615
ck_e88e86b19cada4aa,0.01529879983505494
ck_59684167f9c6bf4c,0.07218132525056586
ck_d5f5b0dc97b9dc27,0.13335403770614945
ck_13d1b192bbff8f32,0.021969088950611573
ck_b21d8630387cabce,0.005975795308685127
ck_e4ac22046699b99f,0.009935126922207634
ck_74b848064f2ff45d,0.005661675219458889
ck_166aa980cc87fa77,0.41607368422888186
ck_98e337806104dd88,0.011224694712407342
ck_66eb09be007f0755,0.017024467531541514
ck_3ec9b9d8dd7be11c,0.008104803951856022
ck_8b8b9de339d75d0b,0.02604732669419106
ck_6715139e240007d9,0.005178092285238432
ck_a0255ab46e122d2f,0.007659059694287837
ck_66e81a4190c33510,0.00788146907864093
ck_5d75ea4f5c9080bc,0.05878791676619684
ck_df69858b8a8b3165,0.006317950662666213
ck_e15252ebd7553422,0.014430988471870488
ck_34d6d74bb3ed11e5,0.006532729077372265
ck_c2608f78f6851d10,0.02872429082151402
ck_bb99071e8f58c8a4,0.004940076807416528
ck_06010f0df5b7cef8,0.022342697658448953
ck_8c582eb0f6c0148c,0.012237795647757602
ck_0034d010d28aea78,0.006427338217038378
ck_01c1f06692566ca1,0.05839498009420122
ck_4807726e797fb893,0.014638914524776345
ck_edc9668282e3c8cb,0.02822621657159053
ck_5486768475af7bb5,0.6902932098199575
ck_3fb9813849e51837,0.00353812095145434
ck_861af5a9a9a6d619,0.027688982134818862
ck_da39653add0f1109,0.006071819282448817
ck_74a4244eb1f162e4,0.00519320239986963
ck_9a930faade55b8ea,0.026212954353554148
ck_fb6e06ca88519dcd,0.006612637915337915
ck_9776cd8263a9f415,0.08300564014116595
ck_b3dd1198ac5aea73,0.014582838892847503
ck_b6675a04df1a4276,0.008970793299534542
ck_5c7ad6e731b69333,0.5677462054131481
ck_28dc0fdbaec00580,0.10331261632025932
ck_8e7a32f7e3905f4e,0.02000871631654511
ck_8563fed6674afc77,0.02610637655777853
ck_9a2fcccb82da663e,0.025496756582784885
ck_6a519bdac0d94527,0.023396170698540684
ck_a0dab7aa9c4a39a9,0.05181359646172679
ck_a3ce05e9e5e32142,0.0323493571728787
ck_7a7e40ee3f97c035,0.013996849540568826
ck_9e9a830785112a73,0.01260477591768958
ck_ab1bb02f6b189304,0.4728700801467437
ck_7b8cb0f90fbdc8c6,0.005681886489410552
ck_b138fc249e659e60,0.006887588164284889
ck_e73caa3771ec5e0f,0.08771268865533013
ck_18a55b06ccccd88b,0.027698872458441583
ck_fdcb1d9265d8fec1,0.047422257773786156
ck_e21a900556b382ad,0.01743408889128233
ck_c6bf67470f526771,0.037340081786521054
ck_b568ba3837afb39a,0.012530855565949201
ck_a2858979dd5645ef,0.006498738356190832
ck_1da9d40837ebaa57,0.05797861934587254
ck_9341c7959543c542,0.0027645497619359694
ck_c8ad86806b9a2369,0.024692273167180243
ck_5c85d93ecfed4b0e,0.0241707777268856
ck_f07b09879d697b82,0.008823568793078922
ck_fe43da07608b1749,0.02325675433890059
ck_4bca22b5926b9c28,0.003024109256780152
ck_aba573aa942b1d41,0.00606291887609205
ck_57c14e32fa4683bf,0.025572745753459213
ck_891530b489ce402b,0.020567023995564426
ck_5e74fdadb93ff293,0.06002983971619092
ck_14436a409ebcc90f,0.005929626926185136
ck_00013fdfa0bd37dd,0.0060870065586431385
ck_7dbe24ba01316775,0.016774742840433794
ck_0e3f80c1553c591b,0.008489384211510612
ck_3edc45db58760d76,0.0039022467696651687
ck_29076a13f539187a,0.10022643078024193
ck_b1e81b58b9a545ce,0.05373715807477463
ck_3f8571d4f7420b2a,0.13756903536746334
ck_7dff6abe4bd644dd,0.28149491077208905
ck_2884bab237af16b7,0.06060848664095165
ck_231e6dd1fe708000,0.016320025702118355
ck_33ecaa7b892e73df,0.007964988037152388
ck_b109ec4c63503030,0.0033644484733707258
ck_a7f522382509cef1,0.011067297503298648
ck_748b3ea941d8b3b9,0.029915333004470038
ck_29f3a1737a2d9634,0.01597308493607268
ck_cee8d42475a0f020,0.009487895341735525
ck_c6b6ebe145a8ffab,0.04889546252297853
ck_21c99e1d6b881894,0.027722394003545814
ck_5ad798286384484e,0.08682716470406787
ck_b621b6ffcc7f4848,0.012099396091244226
ck_ea819e337233475c,0.039624742773505146
ck_9e3896c2668ce06b,0.020037818390447756
ck_501dcf1ead036d2b,0.2428771177048888
ck_8d5eda29a2cffa3c,0.4386200481144774
ck_4d3aa36ff83f1132,0.1354493050727426
ck_8e9faf94e3e6c757,0.004650400433280335
ck_ce0ec41f96951048,0.03446615254270999
ck_f09165d73ee903b1,0.01122213089417868
ck_a432b1bf1d3b3d5e,0.08401963191476565
ck_ea618f720ff0b4b0,0.016986255829301886
ck_7584e7bd755cb28a,0.01725493492042939
ck_e14681aad43e1a72,0.014782207931310376
ck_5e18870d8e30e379,0.01818929148828959
ck_ff7c26a62bda8089,0.0030926492555636144
ck_cc5a35175d381d5a,0.0171893383276642
ck_3c25029e40aa8a84,0.009841760492345857
ck_771247b5bc16c12a,0.0050417373841203875
ck_664b5e02759f985a,0.00910291817773895
ck_692a9e8f504b9762,0.004746792941858178
ck_df8ad2deb0a4ffed,0.011049069257800423
ck_eb48c0bcd12ea654,0.009702660759992019
ck_7c77e597c951cdad,0.02690141923099601
ck_4f75144c6f3b13ad,0.04083881204866677
ck_1bcff399166d7c43,0.0063670865142693885
ck_975c2aa3d4a8c51a,0.011965182512849806
ck_bc6f07b06aaa4ce3,0.03207109229201896
ck_80b072b7f3c7e8e5,0.010262659929893756
ck_471e4018a23b4e56,0.061608055515145914
ck_53cddfba570b4a3b,0.01844165248802169
ck_630530e50764f229,0.008596893175614533
ck_dcef7887a4f1e435,0.018803385090880798
ck_2795921a055643f6,0.00413990098466868
ck_7456df89f3792235,0.014040380539405747
ck_5014a3b07e1f049f,0.483725490898236
ck_d4ec44760cbe03f4,0.012397816520261128
ck_96810ad39d4cb7b0,0.06495675805658979
ck_3222ea25aa29bfa6,0.031170518598636766
ck_f6c42001b84a10cb,0.25223374083373884
ck_5ac86682385c86b8,0.021134483269781394
ck_4280c33af57eb4f4,0.03031248206266866
ck_05f79ddd8eefaa56,0.006539903440061391
ck_3a57a13ce032a6fe,0.010001382635329539
ck_a721f0d635fad68a,0.011423584385153264
ck_a3f821bdf408c326,0.006631288206563741
ck_0ada63008be5685a,0.03116843162524313
ck_8c949bdc6e8720fa,0.11866283876494563
ck_c0d2c56f9c722e99,0.9924040133094715
ck_5d2b9e6e087b8dfc,0.9926478212443519
ck_5217b55593a332ca,0.08683518973836753
ck_7a7bb9be5a7e48ad,0.008954049879188663
ck_24cd0d779e866287,0.010023142119250086
ck_7367917891a63771,0.018143617222191693
ck_4b31a8862a857e6e,0.6814979587623882
ck_81429c4910ca46cd,0.00279226659056092
ck_b35d803568f82d9a,0.008292506264631475
ck_4b00e75c2d2d0522,0.02688220240333291
ck_77fced07f6dff42b,0.012397656709069598
ck_3c9a06eb07c300e4,0.007533487220905182
ck_b3867f7f494db64c,0.010512341556059531
ck_0c45e54897ab34e2,0.03653939056091805
ck_507a6a580ab55c76,0.03456451264377314
ck_291bffc7809f896a,0.03426017676104698
ck_3753cc5b9d02e2fd,0.005293495669301727
ck_4f63d5245b3ac1dd,0.026088799914576827
ck_9dfb2ae78659240a,0.028829338378806618
ck_90f6f5ced708aa75,0.010955005063032831
ck_8b5b5a6b5539e39b,0.7483916688865506
ck_4719112b55d20161,0.037556459715582025
ck_fec888a7108ca52d,0.9653683367957054
ck_4f5d022c99f118b7,0.1308580360874973
ck_e967ff05514b697b,0.0663994338765046
ck_839ce35819bfa4fc,0.0050274762596997785
ck_bdee1221b9addff8,0.0036553773582127837
ck_9cde4036d0914427,0.012453368541676616
ck_5ac959cbcc5e98f3,0.025712509837616405
ck_619842688294dabc,0.004608853873402572
ck_7373d7b04c7799bd,0.023746824922534302
ck_c1dd3feb9a0b6471,0.06076677370870352
ck_0324a4812ec319c6,0.006627520636352589
ck_7f3685aa2933b251,0.15255359274760227
ck_06aee5a62a67a84c,0.049300387679688445
ck_3428910b44b9d08f,0.012257721174614931
ck_c3ba7534cefc1de8,0.006334233302598986
ck_1f1273a67cbad5e5,0.1176626021457922
ck_124565a11b2f8bb8,0.0147026831965125
ck_38e46bc861e0165b,0.021534894572009477
ck_c8ad3f01319c065e,0.11561034213483691
ck_3f94a34f5038f7c1,0.11751056769642858
ck_cee56be5a502fbd1,0.0928196430455884
ck_2b90b76cf4d162f9,0.006239317174533822
ck_884b2e463ff1d54f,0.04364081687007346
ck_fab4f2f8531b4827,0.009754012350485697
ck_4fc6256e0e60a926,0.14546492161051106
ck_0a2f8b2f8a5b6f02,0.012985760694140034
ck_9c0deab8a8367c5e,0.007044300799148306
ck_d3a2a4c011fa2554,0.031004801899045302
ck_4108b4038f762817,0.023486847712899325
ck_4df036e2aa7e1056,0.006588877261400608
ck_ec094eb1cbb3efc5,0.006585622478173394
ck_09f8f51bfd2492c6,0.025699634356706753
ck_b60fb9a10d6f4489,0.02743116114539763
ck_3638bc3388dbc1bc,0.4279972229945056
ck_7a58e0cc9943c39a,0.01311998479751942
ck_37dab6a0a536ed49,0.1129142946130335
ck_adc576690df5b33b,0.010720776760986131
ck_1383b2b1875000f2,0.002735456652072052
ck_43c1248db37a2eb0,0.00964057695964721
ck_29c11bd68858e923,0.019387489010672814
ck_9401f9e11f65337d,0.016333226019993107
ck_ce5ed372b1a2ed6b,0.023633972441106522
ck_08b4619490e751a8,0.3923717946551622
ck_44b9125526acb05d,0.02597154128627316
ck_ef1a1de20d2124cb,0.060843094969026505
ck_e5e2624b7fc89774,0.040304838179455904
ck_f5100511609b92c0,0.007309796785209019
ck_64f3bb17101b7c42,0.00793977205754585
ck_ea1e5b5128ecba2c,0.01618971620400151
ck_516163fcf04d5e77,0.015593014500115339
ck_7f9a748110d70005,0.016256629204266963
ck_d263b55f0a681cce,0.030942299691445324
ck_0e962eacf98a813e,0.010555041676680385
ck_0406931800e0e2e6,0.039664314119236495
ck_0e9b982afc88a3a9,0.9975353861061702
ck_8bbb625384edebd7,0.0051165188439456525
ck_5eaeb87bf6207406,0.8474391055533383
ck_cc3318839c4b0745,0.007683010381711764
ck_08a0355d1f1890ef,0.004917933874070321
ck_af7ffd1a822460d3,0.22175283352328687
ck_2a09c7aa870edb6b,0.00993577188285016
ck_bc04f51c23290bcc,0.0205292673757847
ck_d3a8333cb389f4c6,0.01467314575111048
ck_88e3dd3039508332,0.02207790474966629
ck_b8c7771de9b57705,0.04925904123706657
ck_585ababa02383b50,0.004557609513216845
ck_e988c108754cee9c,0.0033068323656093293
ck_4a691892d9d6cf89,0.027830798879916362
ck_7cdce37d895eefb8,0.01822498943691319
ck_483fb981a1fb4317,0.008674840623589555
ck_c1e5182bd99e0e35,0.18698055288620807
ck_9a1e3ec9a1839939,0.025781209216636694
ck_5c3f13de0dbd5086,0.020064452663415614
ck_f4f6f0caaab70040,0.028264055961768585
ck_791be3378dd7d64c,0.03294219825059899
ck_956dd784525f5886,0.004165336832407286
ck_098167eaf124c279,0.042678419856571906
ck_33ecff7914349ebc,0.04977304713539916
ck_e05d44e46c7174e6,0.017791295835559353
ck_1b2ce474fa6582b4,0.03256499228090312
ck_ab581082e8f72e3d,0.008527610070860576
ck_e63256667aa19070,0.06334933028575193
ck_f568772b6cb3febe,0.016253907782714606
ck_dd89a282375bbab6,0.13071850906578134
ck_a39d0bca345b492d,0.029760676990620457
ck_d12d2924d0f7a64a,0.00448980695370177
ck_6a548da1728b5823,0.9454768806997937
ck_6d64193681d2a94f,0.04213519034217364
ck_ced6b6dcdc7c201a,0.01602879653833138
ck_d1b0699d26282871,0.02767628628648966
ck_58f757e40a9b8877,0.12956292960201327
ck_3272c2c4a37d5220,0.4053754487121224
ck_d94dfde9e03c9d1a,0.025630624043496024
ck_08a6d4903a7fbaca,0.009564664834138984
ck_6c72a36b05fa0f4c,0.04270206609410636
ck_dbb4bd4eda97255d,0.008099419279841452
ck_94b59bbc824b307a,0.01585081486220733
ck_0229a07185f15469,0.01701267713128268
ck_11bf1039f8b3025b,0.03913540014611774
ck_36789ca11459131e,0.019436565463428944
ck_8572c5f5c1447c62,0.014983066121597144
ck_9e75c6641939f4fc,0.07122729932654785
ck_b45e47c39d4dc7bf,0.0061588148162541245
ck_02903c48b6cfd65d,0.0860588993546283
ck_b153386f1729de81,0.02633156112989981
ck_36979996f33498f7,0.36783556558162306
ck_3c02d4dbbf6716b6,0.009973731112319062
ck_66c9a19963957531,0.03502886954203597
ck_bae8dae7cfd8baba,0.004392703087681229
ck_bba0ccc6cd968680,0.03886179946770346
ck_3267fe3aac05c71e,0.03904096622137378
ck_40052cac10562cde,0.018153589836084786
ck_d973444855403e2a,0.01894874393831682
ck_012519bb095ad36b,0.9889923565857297
ck_ad7c256ea10c4a00,0.3440312171703839
ck_70a60e095e9b706f,0.00389977746589278
ck_f2734417c0db4ee3,0.0038071931743007925
ck_9cb89cc3178e0172,0.004711057390313985
ck_779cc0f2de4d5488,0.148234630843073
ck_35f8656bf93e3b3d,0.003951158071391868
ck_bdd8eba728800e29,0.025683153301042157
ck_002cf760d173f0f8,0.008670035354248677
ck_b046067c6ca3831e,0.02799475593105006
ck_a4a42d4bff8af645,0.016050260728692877
ck_bce253d2396681a1,0.05765855100610747
ck_00dafc060c8de32a,0.007393732410825841
ck_968a99e097ee78c9,0.053761057205256896
ck_66949171b387bb93,0.013367403207073837
ck_ad305286702b1958,0.01721889059900476
ck_4732da7e0d2dfc7c,0.01268300057517186
ck_17a95bba77217d85,0.02875514597389264
ck_3e2516a3e35067e0,0.019357200178357237
ck_0b615ed566da1f58,0.014149823318427731
ck_d2b3ce1ebabe9f93,0.010902188826320963
ck_a892252e4e0c2828,0.022415240507426326
ck_cf606fd6ebfdf9bc,0.05773597803448754
ck_718865237134ebe8,0.04167576607430299
ck_878522cb775b904c,0.06526197204581687
ck_9ed53de6ef779ae0,0.020574886325748568
ck_3f16e2cd7e6874cc,0.028354029372284643
ck_3c59df37895ead2d,0.005559682388033115
ck_6821459b626d492c,0.012008538497448136
ck_11c7667920541587,0.008609815744754584
ck_23a016cf6b98d89c,0.06699233267027258
ck_7137eeb394d200f1,0.05818363880278216
ck_9c4886c5c90ddbdc,0.036739451483432196
ck_1422a7bf7756294d,0.982931150538189
ck_7ebc5fa7f0d3b8f2,0.015819471412650762
ck_fcc2059a8d5c41fa,0.22369013420586967
ck_00ff7389d6a83e29,0.07832417290881968
ck_03129b41457795d2,0.022495307812983006
ck_38ba64efa7c38250,0.014800236336459906
ck_57a6b56b09bff24e,0.005263643367775436
ck_e3b3c5a80a567418,0.041446299601815756
ck_fc40a16adfced018,0.003594426318392384
ck_9d4b5e6b43bad4d8,0.010369562940973093
ck_61129937ee466b49,0.018092555591670487
ck_74112e47b8629c2a,0.0362335418944468
ck_b4703ee97f94d7fb,0.025231684153940764
ck_e560f720a988d8a2,0.07077659984211015
ck_708fea345f68037e,0.0048631699100259084
ck_25394c1b83e0b803,0.18034315823833622
ck_17ab24fe914ae44b,0.002726518126389553
ck_16c501470d9bb006,0.005745821026361071
ck_628f449e248c19b7,0.027711099709892297
ck_6d64190623dea714,0.003189719312557508
ck_504a45ee08db72b6,0.01418442906153043
ck_6cbb011e0c70bc7c,0.006456902636011354
ck_b3225a98acd04f83,0.006634869232801955
ck_aa37993f1c17cd1e,0.03294595482416625
ck_558cfe5f77a55a9d,0.005584451010019213
ck_0d0a1a021efea5b6,0.013219036981101455
ck_daf7aea023b7a8f6,0.016731275836259968
ck_d75f25184ece2b51,0.024387016936797467
ck_466d4b5366c50b98,0.012337903985868016
ck_88f27ab479063852,0.011654318634563449
ck_66779098e78c1760,0.07802750306894765
ck_b150fe4efb449b05,0.042264733337946336
ck_9c3aa9f23d01fa1c,0.11758375557388949
ck_6a01c375fc26705a,0.025252770649030126
ck_002eb6552b504ea1,0.12389694631089362
ck_affa5aa0bff9bb0c,0.024692936824145344
ck_027614eeba8b1a4b,0.0054062272227067025
ck_67e075c982add719,0.006697108596906929
ck_399b0d510be98bd2,0.009201356667202547
ck_e9b0bca7368555ef,0.016814575953137848
ck_59c29d9c57b4f994,0.013865940039699615
ck_37176850ed68831e,0.006148216698806954
ck_a0db4ccca08030c3,0.05961181601743077
ck_aa188e5c25f7f42a,0.011694391522399799
ck_7de6997178207800,0.030008804313219443
ck_c729d19053387be9,0.04461674624815367
ck_f2d3e3d90608596d,0.527032276046899
ck_2db3fb565e0211ee,0.005119571085049798
ck_bed8a480e27e911e,0.01771275888395492
ck_d7ad9921a4d25926,0.04474776499938269
ck_2a59f23fc5194699,0.1554606610315812
ck_63601a58a6120d8a,0.013268205516781225
ck_efd7b9e22c6317d6,0.004847541472591472
ck_9ab42875a0f95b43,0.05362937847606766
ck_85cb5033fca7c846,0.042559488798627365
ck_5249b223000915ec,0.005994130026686562
ck_3efb0e9bf25612c7,0.016178682850259214
ck_678e74532ac19700,0.003591310721839371
ck_a980b296c95153f9,0.01829828149780736
ck_01ac687ce0d696a7,0.010651707938292896
ck_52e1418cf1aa9871,0.019716323195578225
ck_7d28da4f1dab09ee,0.07256790913838043
ck_010d0c2e6c1657fd,0.04096166930780569
ck_b524f7a2e752b9d0,0.003434286897475391
ck_cc447fcc24a0772b,0.05743276412564682
ck_2cb3c99845e572da,0.005970213595791793
ck_604c710141327a81,0.006031964854142004
ck_8d5fa65717d2e0c6,0.02094358218367486
ck_31199510b40602a1,0.0126880412566579
ck_49e253ea12f4e922,0.0063929823096789086
ck_780738e0d71e7e43,0.01430469213622584
ck_2cd21137a07fdd7d,0.004352978822173034
ck_5e021f2a3b66e256,0.017740790967993927
ck_efbc79246e32c66a,0.034874534881179496
ck_9951bd806c13c7fd,0.02315734640843904
ck_7a52674e2806d8f5,0.04668730984107258
ck_1a319e509f1efa1a,0.006098649275327429
ck_c920901b9a4ba993,0.5933458731368267
ck_b71279e807d0b3a7,0.009087251885947832
ck_47e1032f490bb018,0.016784786295791415
ck_192579ecdca7ff83,0.01223154736074203
ck_b1496c474c4a3239,0.004841726757665378
ck_5e68ea2c5e893cf0,0.031172197723203423
ck_f2ecab85d4693b4e,0.01154865283479994
ck_89d7bfc81c3df597,0.00449822985086104
ck_7929284327667791,0.11248414357398577
ck_494ec63c5ce8e150,0.0038335337951385983
ck_319b059bb2145586,0.02911339142285648
ck_ccb3767c239018c1,0.01764254612909427
ck_a1c7adfe26e09a8c,0.0870775140878657
ck_0e13c4f73818149b,0.01733868980891503
ck_c285a51ed6214f52,0.016552557396442426
ck_916784595f028226,0.2709688685061898
ck_6cd8e0196365c474,0.028363403944958714
ck_57b657aba4daffde,0.04302733815295424
ck_562c76a3753fc7da,0.42760580403415166
ck_66cfc1ebc9a513c8,0.0026721394539173738
ck_0f38d4aed68d7d24,0.012345544482806782
ck_d8ddf5e99f7859e4,0.03546416458960484
ck_41bc3efa0fca700e,0.02379699959304063
ck_40799e129fcf42c5,0.1765381079501752
ck_786f079389126e44,0.03646087920078876
ck_bb4c6b713eb0b978,0.09816628078638279
ck_4f01f7eac0efaba5,0.01850730187946914
ck_47d29c01b20cf69f,0.008409744630440497
ck_bf15a1f8d67a30d3,0.008871565557978975
ck_bfecad7586f65e4d,0.021088407492882953
ck_fc9f16df35190eb4,0.40788109705713216
ck_c09c914e416edd08,0.25069954318826854
ck_c54c5d8e4433b0f2,0.009036367316355766
ck_1694c28f44480e98,0.11330432075632593
ck_1dcaa3078dbb7571,0.04102239896706431
ck_af559f990c640e41,0.012529903952599593
ck_9b436162039a77d0,0.015279272288618678
ck_79d62ef181bd0cd8,0.010045100736767931
ck_23caafc2cd34242c,0.00661489312390551
ck_ffe2aa26f597e552,0.012808120301755824
ck_e6ffd0754ac08661,0.014543280167400346
ck_beaacb4a783db21f,0.014144442783337707
ck_9863bff41d24ce9b,0.003282108861602001
ck_323b9cc5c49f8ea0,0.03503278860594968
ck_ab3de3d3e41c2082,0.17442069135685123
ck_35c93b2924900376,0.0034169376089631647
ck_5a9d5f9901e37e31,0.030211907351994294
ck_782b0be796164335,0.015792467788058335
ck_11960b5f1c7a5e2c,0.005615546242605358
ck_9a66cb13a9884cc2,0.013101767346646444
ck_ba666a425930615a,0.005582073915705327
ck_40140bef4db73741,0.011499457048972183
ck_e05e91cc180063d4,0.29534272068009954
ck_c7f6f45710bc050f,0.009186480995672404
ck_055fb9f2e1c8c934,0.059408408024895686
ck_58bb02d98e2b9cd5,0.03233290502813151
ck_d9f8efa6a7800f76,0.10486141196858113
ck_69691226c68fd50b,0.521071258851189
ck_6f2f0396e5b1c538,0.8272435752953
ck_78bc3f1d0f35ea6c,0.006695569553500732
ck_2d5a6b6636a2596b,0.05486548675789685
ck_7878545739af0a73,0.005057378743082109
ck_03c4fa4f3ed3512e,0.014240002422468236
ck_1a9e51d092d62c84,0.5305013434407133
ck_9f3861940d8d873c,0.10675369181742629
ck_4684fdd61c6a0fac,0.028566015796273655
ck_715966f86d5c913d,0.011120257850441871
ck_77f293d44b4a3d2e,0.05367682918054174
ck_24dae044dc05f849,0.0331883100685476
ck_00b9818e2064405e,0.26542704204517537
ck_c1c2cb49c3c1b0f5,0.17841825582641443
ck_bed50fc64fbbf8ec,0.005206825920651167
ck_4f6ed5ea5ab7c429,0.04271469527812258
ck_458531c22ec2f9b3,0.006924661955044502
ck_51c50c4c443df31a,0.26964335613594026
ck_732d45bd578dc39d,0.0061144606563654155
ck_783fe5bc20cd02db,0.035651564930358204
ck_7f188aaa63d1d442,0.022865642845194115
ck_ef307a6aee38d1fe,0.64937613404433
ck_e37196b20968b73c,0.042369986976493336
ck_4ef9de711c3d93b1,0.03636059909503915
ck_17946516d5df71d7,0.16544293923826683
ck_3534be0f4efd313c,0.015475189007177505
ck_29fbabf855cabdff,0.01115892564432544
ck_191673540d8486af,0.012133319695287813
ck_5f52728d777ff2c5,0.008717949319660162
ck_a045a19369016818,0.9899237914978848
ck_4eadbe7298b15e96,0.014422247774275207
ck_a3a0bd59729fe619,0.004321948958968913
ck_a1e77090b1c6ccf4,0.07819438669319505
ck_69ab9d4784eb77bd,0.027146591548271887
ck_baa47383ffd50f04,0.009359273517902089
ck_e35b2ed08b9e55a7,0.006042936745996004
ck_b6e3af0a5119d9a0,0.060389768019531734
ck_a7c1dabf3869772f,0.027313432798226834
ck_80b8fca67a14e0be,0.10553712429797028
ck_dd9c5f0c42878e67,0.03447866370201956
ck_41ef7967faf5ce82,0.0031945127484207278
ck_a93560aa348d6225,0.0774912384997787
ck_ffe91d6f0bd93fc6,0.062321777222421416
ck_fbf630c960194033,0.2071070061811148
ck_497ed60723283c0b,0.19588969421180333
ck_2a46b7ca55239413,0.007998994744812271
ck_1a4e5ace078dd782,0.02717177257679384
ck_616cc31910f5de50,0.009139805765423737
ck_0d65bc749eb42710,0.016361147342585557
ck_2408db62e4395ccd,0.010837951068727618
ck_5d7721930106dce8,0.02236159098928991
ck_e8a6acea22b20312,0.13058762838588076
ck_e2f792fae128b18e,0.13183080255488477
ck_e6d3ce445b86003f,0.011807875387000023
ck_263334d722ecbc97,0.10560006515586169
ck_8c5b29f6666d4874,0.021598973758188967
ck_7ea0bf310fc20c7b,0.025664206230142754
ck_54d463f7fd89ec3d,0.005529443020297729
ck_79e45040dbdd6447,0.029596838872999652
ck_60b4d59953505682,0.8516402490629937
ck_fb00dd5021642507,0.015262616043895273
ck_f409ff994a210601,0.03972191080038729
ck_2ca0020038bfec58,0.26848962025999523
ck_adf84b9df54c3d80,0.020474185912089667
ck_942dbf632591b65d,0.0414981890843356
ck_454a7e4d859a3409,0.014991297235173694
ck_2139062d4569aa07,0.046124798008319444
ck_e949a0f4df0b3902,0.1367573516267556
ck_bb113e3e6716ed65,0.012971497734416632
ck_6a28ea6ce69cb869,0.05915252679360289
ck_7df9910af2bba21b,0.0037359671847643104
ck_78aa4b731cbfe251,0.05274889666593177
ck_5839f5cbd8165b1e,0.006073720186882488
ck_7158ad9e58769ffa,0.059498399068940416
ck_acee218cbe61df69,0.04226295542374104
ck_f8dc8473c2772729,0.052152305109772694
ck_f34c93a8173555b1,0.0753440244300628
ck_7cf301d075e4e709,0.2100401800292631
ck_b87e88ee5512ea17,0.006347632142925432
ck_bed0c020b10afa3b,0.006165186331687101
ck_ca10102961f99eb4,0.00505622608049176
ck_393287947b5c8d79,0.008607819952549885
ck_2fe6cac002142f67,0.020700332296146547
ck_79c7f0d29b1db1cd,0.24015273928717118
ck_c735b643d3cbf67b,0.004845211975276776
ck_ea4332c8fe48e2a3,0.006101939941362578
ck_d39864119cdd460f,0.02980809937465509
ck_3b963d6be2773861,0.0241062652021285
ck_df39e3b8a9fd0bfd,0.059118361142110026
ck_6236a461dc0d11a3,0.04666792900333051
ck_475ebccca25e30d1,0.010882802976826922
ck_c10c8bcf5bcd516e,0.039256849567890495
ck_49ccc3716a564256,0.0011962583754303656
ck_4e4f99102f6938cf,0.00917273671928163
ck_a97b481ade6f7972,0.16241995488924962
ck_3fa559c679751b3a,0.01646825409624036
ck_3eba1fd2c7acc4c0,0.1246137276739756
ck_18c179b4afc4fccc,0.005241066564375798
ck_cc1c0b93d05b7d20,0.029085105405154455
ck_742f7c28ddd019e8,0.00985133770421729
ck_04470bc93b8a0d71,0.009684507828955921
ck_6e8f8ef7a03cc6bf,0.032918819985532165
ck_eb1ddfc353b4da83,0.027574559104199564
ck_98831b57c7ca2e4f,0.013545406068214642
ck_a6c7b8d6e8596d4f,0.031934852426332296
ck_cd7d24e3b095e96e,0.11853478424999823
ck_3f5ae4673a9f858e,0.03839569731113749
ck_05f375fc8ae0afb0,0.054545562741237244
ck_1fc98436281ee39e,0.007482028967982303
ck_6c48c58678f64bae,0.00911767144476476
ck_8c95aeec6a4c75b0,0.015160800015938584
ck_364cde38958b7af3,0.15047896068556374
ck_85bf21aa1a00452f,0.003378732892610902
ck_796d3eaabc667c23,0.9733347295449705
ck_ac449ee0c315edde,0.006716559859640101
ck_6f9fd15ac6b163de,0.005860937577527785
ck_4087065be2a45ad7,0.17998914610581548
ck_ecf006bbc78ee3eb,0.22684753986544756
ck_8ca808cc5a49cb5c,0.00787510759459058
ck_94b90ab8b2dfb50f,0.019758019854874468
ck_59fd11b3232de9dc,0.8905257262734184
ck_67f3794d93e2dd67,0.1458516479052674
ck_b7f5acf5df1bb13e,0.007173708206932016
ck_fb04ecbaebb774bd,0.003919838048080654
ck_68ef3e7301c621b7,0.035939518502907504
ck_41406cfa209b6bda,0.011829086382961072
ck_b0f8f5408662337b,0.003339111907076742
ck_0d2901bfe585c391,0.150893465871588
ck_3398551e81dbf3db,0.05342987113169832
ck_61c3e3e277629646,0.015810223879888327
ck_2825e34dd3e7ea2a,0.0075327427832831955
ck_20d7571ba830009d,0.06988113770548088
ck_c98b16f9a72a6568,0.0024400396116273926
ck_e7c8a9e4641eb9ed,0.005861836918426336
ck_254a7c97c36dab8d,0.01637752882735599
ck_e98429675b46272b,0.0033232178982824366
ck_c2fc0ac460786d02,0.054642170807087956
ck_fba15647b3a140d9,0.011506504127098971
ck_15ce50f2704227be,0.004309217489037063
ck_8c748aaa4a4554f9,0.02914120672049659
ck_e00e82a9419ff086,0.024807013135103397
ck_832341c98254bd84,0.07758735608838732
ck_27466468d06db4eb,0.12353731461094684
ck_9d7b9e3ff1f3e71e,0.010339853885626487
ck_42c6973d3a6fe983,0.006761249892565828
ck_877c85bad118bc62,0.06919816846262078
ck_75d2a2715259c4d7,0.021138638716342792
ck_37d3e5c681a2214d,0.44960119310249264
ck_bf285dd49f372de4,0.02456659745521608
ck_a5bdd026fa9c50fd,0.006966290978119118
ck_88d9244a9cf7a77e,0.6147716491810271
ck_5881b174e49b04ee,0.02739793477477247
ck_5b16d67c5ea89930,0.04155515781399303
ck_b75b936aafac56b9,0.010134441652324626
ck_aed2681e1646a0df,0.04067879933266393
ck_f63cb5e8cc702bad,0.003768917131389899
ck_1805fcfc4a9e4ffa,0.7564713641113722
ck_25c355da356c730d,0.02843680582299338
ck_70396398e4a96449,0.010936166649433744
ck_0f743bd13373748e,0.03589813677632383
ck_4b387765f0e916cd,0.004434296401534283
ck_e971faae8a10a260,0.0056624430748338506
ck_9eb08369e983abfa,0.007428785772098167
ck_c30c5844512e429f,0.0404926002143738
ck_59e77e3a81f1fa0d,0.04646125375957754
ck_ca4465f2b5c1a52e,0.9343805195194592
ck_c89b9ca398402f1e,0.02224603887836099
ck_36e72ef9273e7a95,0.007129195091694601
ck_2bdd8616870e5e1c,0.003537397187077555
ck_216e87a41de22b5d,0.09100340673450918
ck_60f4fb44f5efe3a0,0.06510990120114783
ck_05652e8ace6ce6cb,0.007020022854497896
ck_8c136dc691e65695,0.004209858031280915
ck_a08f8dfadbdca112,0.022068802466555577
ck_bda4041a3e90d860,0.06922662122613343
ck_15dd3ecaa8ce0245,0.6676341143188423
ck_3e3c64b3b7876ce6,0.02014988563070516
ck_46225858a38b2e57,0.004434852780247375
ck_0cb9f54928f4feee,0.020696533799929587
ck_152671fbf8a9a78e,0.024242888408447006
ck_ee7a515e87d17d4e,0.019627012182520786
ck_f7276091bf513d22,0.007222551804636398
ck_4f05daf1cf0d5755,0.005706321142563427
ck_83a69c4a5d55ef19,0.02896008580934825
ck_c50fed2a7c9198c0,0.020456315735401003
ck_70d19d5650ddc8f5,0.004370308728671881
ck_4b4d99e443618904,0.033889599686379196
ck_dca0b6ca93311ca2,0.0799009048876872
ck_b7431d4706461ec6,0.005741170347286391
ck_7b59d22cadef3b05,0.08420036629531132
ck_53428573abcd606f,0.014169970568321524
ck_f538ab6aecf2adfd,0.004180902331816408
ck_d321249fb065d2fa,0.03871303803443082
ck_72fdfc7e6d8e1436,0.025314281576955693
ck_b52b99dad89ecdfb,0.026235062046583112
ck_d2d4282f9d256b3e,0.018829972920964562
ck_c8f2a1dd8a6141a4,0.004843327606254707
ck_8d38747058d0aeea,0.40479859778961824
ck_3ac528caac74f563,0.003373936773708636
ck_8dbaaa00ad829ca9,0.004389009119535735
ck_7c38ec898f0fc21d,0.02193114979279964
ck_8171ef803f5ff604,0.01139278581665524
ck_01a750db6fc1168a,0.05530685773559899
ck_ceb017baa26e98c8,0.05111561827610048
ck_e2c66c72cc0b0f78,0.05065086818103027
ck_8d9518f64b222416,0.04842074817106282
ck_804c5a1fa5753617,0.2506707946751751
ck_fca7cc9c42695453,0.027736127253739907
ck_3a632cdf2c19051b,0.07378077249429059
ck_b2b63ea65edf1dde,0.033996568923772806
ck_27b07021500ee841,0.037185156425355796
ck_9724718fe64c6557,0.9570298518423584
ck_2786cbc3e75ec034,0.023994161004187126
ck_d9c2622cb6df380b,0.008598981425159899
ck_ae1da8ee98e402a4,0.004739653695441438
ck_62967b91504149f9,0.04681087728246608
ck_6b255bf68709109a,0.06994713558906479
ck_c55afc68421d85e2,0.0032773352238046546
ck_7c7266f6ef2a8466,0.019387693828659788
ck_885cf685a9541190,0.6374554506788779
ck_1a4bb7d3d2ee3227,0.016888897291551342
ck_b4911c42f3bff740,0.007251302683944606
ck_66f9f78d4c6a3edb,0.024192334189255066
ck_49bdba9ee1899dfe,0.021706527665170675
ck_79b235d51718435d,0.012701208148298134
ck_d840db8cfe2ef6f1,0.0036405775599899336
ck_610c7bcc1cd7ecb0,0.01001748431721947
ck_cf49b6544aff6c50,0.12794028648010097
ck_de05f97c3d40dd1b,0.05127356970688332
ck_0302f67d75973dce,0.022311877723218656
ck_54c2604c9ca6256b,0.02439075102665055
ck_a1c88c0568f142d0,0.04467249071849428
ck_5d72ff6cc2963d1a,0.005918575308713735
ck_0446920a1004c596,0.03042475416358278
ck_71044c29ef071570,0.004128919196946577
ck_2122e9bb1afffef7,0.009312190680729327
ck_d1e3de178601d3c2,0.02481042834615211
ck_bec8324a3587ef04,0.015168007316836544
ck_b616b6f45225f319,0.054031775470917184
ck_ce1e695884511479,0.0028682275256296658
ck_a662b4bf900781e4,0.004133869356958913
ck_b5a84c5547378c10,0.02451680311468538
ck_f80af368cfc6cb7e,0.18077263831773674
ck_da3526ab6c5c884a,0.15655577016450387
ck_bd20be9a3392d79b,0.004801674230967376
ck_b8266dcd90cbfa62,0.0049243039878486446
ck_ac84b33304362c06,0.01148410037377228
ck_794d8935a895e33f,0.02563991544155245
ck_8fea7d915259f1be,0.04508016753511366
ck_7a1519ad5ff45312,0.010572844174434316
ck_9bf3ce30b65f75c7,0.031147460336719213
ck_5f864d72d1eead99,0.06757000617403738
ck_3c48e0cfc2a58041,0.5339016323456764
ck_d902183f80cc81fa,0.050103361510105256
ck_539cb0d117db8cd3,0.19804294701285857
ck_28f530aec8e77130,0.033172280128101535
ck_e7d903c50d353361,0.0033283905773495146
ck_d288b77d1e227970,0.026794883174033012
ck_017208fcc01b5d40,0.005843293569864925
ck_7e3923d278a5106e,0.04419361054270383
ck_9700a00ff9e66216,0.04494024732632738
ck_5c36c78b7a4d138c,0.04994819523781141
ck_c457e9c9224b773d,0.012167105146756176
ck_1dfa91405d7e66bc,0.02186752111696836
ck_f1d8a2695a575e56,0.026853991882272322
ck_3b92a46daf8d00d2,0.013232567448627133
ck_aab23b5470469649,0.01662608537924365
ck_ecdd01a391610d99,0.021605344560112285
ck_abd3aa292f8edb4d,0.034666300657225674
ck_7fc9a0776e1339e3,0.008306485501134433
ck_c0389ebeb0e65cb8,0.0016992602893365232
ck_48d0fc4f6a2109fa,0.9951500763309192
ck_571dee4f3336c7ce,0.016643889265137088
ck_4cedf26628c84f26,0.005349970791891876
ck_63356762d24aab81,0.0525384215133364
ck_2c5bc11bb7ae5d2c,0.7250519408699835
ck_6d26a152f900fee8,0.01816507155114435
ck_c972b0e781efed3b,0.0323274014635433
ck_fa0ecbcf9a33d6ce,0.04384241874412417
ck_fa3a766e49dc77ae,0.013879471379843735
ck_7baf1e55db0dc558,0.018106029363942528
ck_e8bc49e6494c1f37,0.026132584767540552
ck_8ef1d05cc1e53e7e,0.01536666358567387
ck_cef2a485a77e0723,0.023604560243047856
ck_228a583f23abff48,0.028685852430949454
ck_ac32c6e374782b27,0.0893049881471097
ck_b9485218cef413f0,0.03226194253409767
ck_7f15503048915d6f,0.007811509929782592
ck_b62f5144db15ad34,0.008711271556253218
ck_917d82c552f95a23,0.03535431354319438
ck_fb4797045077bc6d,0.014366971385917365
ck_2cf8a44e041217de,0.3509773652102822
ck_b7dd681eb3d2ee38,0.009329780399547601
ck_e9e8cacd2fa35e79,0.01165697641029422
ck_342a79f91de5d1fa,0.024098131848924932
ck_2c91f62c05685ed7,0.02684472798388455
ck_e30cb64302939f38,0.04333728969452746
ck_d0e95b90ba86da10,0.016686797132213077
ck_1774faf414a5d49d,0.44152388536115234
ck_2401e8ff89e574fd,0.22388462341143436
ck_0cd8802264e0a1ef,0.011138855656625913
ck_da84a0dfe947fd3c,0.023316255720010344
ck_c8affb27ba7fb5db,0.04685036625937849
ck_bc7ece8787ca7200,0.018852322500624765
ck_469a0578d05990c2,0.0023271691283606594
ck_eef67f8dea702338,0.027773113609351984
ck_4f490e379e9ded9a,0.006316547556980269
ck_354379de065a8ff8,0.004393975850178608
ck_5db1cb368bc41ac3,0.006500599077741352
ck_9b1c3742dd6fcb8b,0.014889558728133467
ck_63ce4f44c92d7143,0.018196077257573297
ck_e15e3390f5ed45f3,0.007646052544383626
ck_da645ea91d66aa6f,0.18075510794491792
ck_834ca727df855f07,0.03745379789487587
ck_e1d5ad20c737c745,0.02936710449600713
ck_ff8059ae5fa5f1ee,0.002224542067909058
ck_8bb9e75393954a1f,0.00859719130771043
ck_4e1757d1347ab387,0.9596198297495362
ck_af3f74b1d75a5d95,0.005907717104115092
ck_6b1ab0742ff04c3e,0.01340159776780234
ck_f56073911c9f1ab7,0.021591115441877747
ck_51bd5f69b4fe0b92,0.39021679865534564
ck_fc3d95030b81f416,0.0022691124066745415
ck_cf78169633a1600f,0.019719125094580063
ck_ad7269eaa65c67f9,0.01625914745022027
ck_cc6d33890d47a6cf,0.01403619596748395
ck_bc8f31f4a2ffa1ae,0.009473103910893716
ck_720776a46e56dfa8,0.014299290336126163
ck_e2d1f212f259539b,0.022310311001743566
ck_eaf6f7082c3db2bf,0.02900157708294447
ck_773efe58c6278c3c,0.025489290242474996
ck_c4a72c09f2fdacc4,0.015782443652653758
ck_8982888dd6611143,0.030422862803607793
ck_9d5049e195eda029,0.029116750365057235
ck_de58ef6f9fe2b546,0.013883364986264739
ck_c0b50c11e4f5adf7,0.007456862028694414
ck_ddaf228487858bb8,0.0295639643208627
ck_eb2323215ff70362,0.01568582072088513
ck_168c96a1a636ea15,0.031122217088729164
ck_9c46711b14d9eebc,0.013371603863537328
ck_de8af660806b97b5,0.032969077837067914
ck_6ab83f45bf16eaa6,0.02530344705941058
ck_bf2228a052815840,0.015382063187226111
ck_3f943f20a9da9bff,0.012413207160508009
ck_3baae40454c00938,0.004052164026828494
ck_bc2e771a1d8d2dee,0.03561752671646022
ck_e55f5ca37f30ce8c,0.007448095287748794
ck_4ad5937bef176d89,0.01119451616340851
ck_126531a9126c17c4,0.014726323152711928
ck_7ec423cb56257516,0.018439047424297545
ck_54748ae0f2daaf10,0.014143164304169866
ck_ff24776280ceeeed,0.029554107368837398
ck_3c3a1a1365741bba,0.013474433705698657
ck_615277c8a4e2b18b,0.004886529298297464
ck_a96aaef34173aee6,0.04064172250067378
ck_bea56db7f3e930e8,0.023371694423925324
ck_ca491debd3b32a59,0.017792355644692604
ck_d9ea77f4114a389c,0.03211678720065741
ck_322ffda3332d08a2,0.014089491659333922
ck_c40ffefe4e30b001,0.016335960052254954
ck_3b1d7648d4580bef,0.029317513714974767
ck_23981a3261674131,0.016165540577892688
ck_11667f5b9fac7bc7,0.006103548709765697
ck_646bb3c7be5f0817,0.24144015497223378
ck_ebd0a45712dcf07a,0.007070140196118782
ck_baf43bf1bd963f9f,0.018066087074894818
ck_e0ca2c819658f6b6,0.9514724539164024
ck_f0d6633d0834fff5,0.025459373102555166
ck_91081be0254878a5,0.026029321529660393
ck_1325000bc7f35b5e,0.009408731574885624
ck_c624b9063400fa3a,0.13799249886751014
ck_0ad6fa0e23c3bd0a,0.1250064981779524
ck_6ddb55b1f23c6cb1,0.007998825798976327
ck_dce1fb3acd65562f,0.0046889354419869
ck_a9aa389688ee5aea,0.008126780133631118
ck_5c5284c45d9ad8bf,0.10196030265120361
ck_9ce743dd3e92549c,0.019613306442518352
ck_8342e08cc2f9bcb7,0.00897114995961888
ck_25e551a0a8d2fcc2,0.03224485032159125
ck_d4fd0e438c97e0c7,0.0588312197020985
ck_ac7fe1c344190c50,0.005020970117204443
ck_ddd65711b5651f89,0.011737823005346154
ck_ec7406cb5cbc8f10,0.016763359872078155
ck_1c65e8d5be3b9c60,0.24979853179258485
ck_38ee42f15a573e81,0.012325563111515288
ck_0e5385c70c6de025,0.18000741929520953
ck_d3137f0f7629040b,0.009669779526713376
ck_9129c92c12e0c8b4,0.013655692921043747
ck_c86520a00e50a926,0.05792022628794693
ck_87f82b2b5fee757a,0.022653532098687562
ck_643abfbd7548d0c9,0.030574618312164025
ck_be51f4e5e6b85768,0.257293176576266
ck_132c16312f37810f,0.008940307732585981
ck_c78c096ca8cb33ac,0.0042005212294231225
ck_2ce5afbc014763b8,0.059915232459870585
ck_50ed8f4e7ae6710f,0.011511897392902468
ck_5a4eb535c9a11993,0.012614595553591908
ck_9b665ef46d785324,0.012935789690255457
ck_e066f71f8b296b7a,0.014283407945002624
ck_560bc6017870ab06,0.006169569008959884
ck_fd78f8a8663646d7,0.009518693981747787
ck_4af5ec61ddbde1a4,0.01917230876461325
ck_c2ed04a9d218410b,0.003725723118716124
ck_2455d43bbdd2bb69,0.015284689774712904
ck_56eed7041add49a1,0.3948747627188208
ck_5f0be7b468a72333,0.006390297583012495
ck_19660cec756632ca,0.029906097327323137
ck_fb90408f4892a21f,0.01401972477147135
ck_833a65b86a5d9bda,0.025104330262341424
ck_2ac36e1dff211d38,0.03470770894241071
ck_c00e70606904539a,0.005058640217700624
ck_ba8affe4b9505a95,0.5358993568641175
ck_0c3dd22587b08018,0.011072471827488797
ck_618c4e5cfae99dcd,0.1767855339579136
ck_c9690baddfc4177e,0.012866344482730436
ck_59fae092fb0c4aa3,0.012689113978356896
ck_e03b7d0fa0b28f4b,0.026628383766869115
ck_d451d24c780b5884,0.014251868746079081
ck_e980d325b8dbb8dd,0.024131040568050457
ck_cff18e2d8c520272,0.014744927720732078
ck_a0e46b67e986ab56,0.013958967974924949
ck_3a469039a5b9d963,0.004806635861896572
ck_12cbb211ebd2b437,0.05544625936637447
ck_b8cdd6d6dccc4554,0.005645821077357829
ck_794ba5921cef50c9,0.024874012158183897
ck_2c7667f64edec2b5,0.005476642268303291
ck_7262b4e0c29c942d,0.009081924785291202
ck_5d818522cbfe2a54,0.08528378459501858
ck_de39c1947fb675ee,0.21007361293907417
ck_c021495606b4735e,0.005861550269603314
ck_1fc03ba33edd9e67,0.018454079274143033
ck_a6fe344bbf67f14b,0.008666006422346217
ck_963762210edc5694,0.030794626266950162
ck_d064428b7e7dc409,0.02695114362020272
ck_59be61b53d971611,0.04891964710433464
ck_ec8738ec663cd2eb,0.018502879884423225
ck_59d086fab5998646,0.00792924157206716
ck_bd32dd3b2cbb7888,0.9879371154426181
ck_ce0166addb93bbad,0.0023155901533040836
ck_7c0fdfbb447cdc04,0.06973806598300823
ck_cb1bd7635968ed8c,0.15920090854998717
ck_66f94903177f20eb,0.013244409927339044
ck_1d7cd5dcbcdafd7b,0.1120199893797899
ck_5e418a7c04437b4a,0.01748557560279657
ck_631ea1ae91ab333e,0.014434581116777931
ck_0a8029e79a5ae7ce,0.010826139942019284
ck_c4cca8278bdad9b9,0.003925876359088768
ck_4dec3df58077a257,0.04633020997010267
ck_609c249edd88c565,0.007490780517545355
ck_02e5f9cbbbf2f078,0.11214899109818223
ck_32e486859130458f,0.6502363094625805
ck_21ed2ea6386c5a07,0.010099541834449896
ck_1242aa4496576a99,0.05538797638490445
ck_475ea9aa6d3898b7,0.3106296205735706
ck_fe1b1adae3be70a6,0.06753076834414291
ck_c5414d7a8031d4f5,0.01875318190943376
ck_ca1f6f01868e978f,0.010671090215501878
ck_5eff0208c74ec714,0.012505078525541254
ck_a315c9619a317609,0.030539205388312497
ck_2b87683c90acb852,0.018942514718010593
ck_7cd9f39c50748ed0,0.003745365273718046
ck_16a06d58d71935bc,0.08922353615377089
ck_d116e0e7c19b878e,0.08988229710263251
ck_931510e384b1d0cb,0.0037548024109437935
ck_e7651fb87bb24132,0.03445787535397571
ck_88ef9f85948e1a01,0.015274453577336138
ck_17bf38d51115a8f3,0.014455246327438857
ck_2659d1d3762a2825,0.018704158231895557
ck_a7285955e2852686,0.005932757406922588
ck_f2c33d5b65b321db,0.027255298803024276
ck_83e5979334345622,0.02774813185805536
ck_629537d8b4d0f395,0.0033081288446091092
ck_72022008a92c9386,0.00967542981139207
ck_2973b8274f0bf69b,0.01216175349281245
ck_565e3418d2f4061c,0.014206013633278489
ck_54bb53b8f8ea32ae,0.9503010858052605
ck_af0a6540ea7a36b2,0.023660702928950193
ck_888651bfc2c8cf70,0.010736093819839185
ck_1dedcb48ac381a1c,0.09748597752020356
ck_f73273e220296be8,0.03795060403108349
ck_8424bf65223a5a9e,0.013667032559762203
ck_337b930fd149a696,0.006676369414670523
ck_8a4952de8a123ef8,0.10841418600530822
ck_884168153c9c0c81,0.022224395459294007
ck_fdda581aec411010,0.009499373797487243
ck_2b7cadbc8b180d32,0.6047643058737185
ck_8aa8b9968233a1ab,0.007903755549052292
ck_0af18b3ce015d294,0.024057719725210442
ck_8dde670a735d1e90,0.42693910667194884
ck_62f46226f244139f,0.04409087766412707
ck_f948e8a8fdd79b4e,0.006196939577911919
ck_fa00aa0f3e859904,0.054513839428975114
ck_fc7935f784a4f249,0.006147847511463452
ck_e7501307c0698e5b,0.01852017727097935
ck_549ed417f2834cee,0.04896204373548877
ck_fb2a35571ec719d4,0.12265910091780949
ck_25822068c86c856f,0.006733451789484142
ck_8f35d229b62c8f23,0.09457253921871665
ck_bdcf049c1e7d0c95,0.022464190572315624
ck_0aa9db36eb16422a,0.007483437578940514
ck_42dcf92e9e016922,0.02403394130427266
ck_42341cf31c08c981,0.004294330894048095
ck_0b20bfc515ba42a2,0.005721441366495732
ck_0ec820b670d48098,0.007694625196407991
ck_1f0bafec397da8e4,0.01954223704935518
ck_82f07504ab59ed33,0.23761371946133916
ck_337b24a474010abb,0.9708050907236582
ck_703703bda38fdcf8,0.013501075726496599
ck_01e7960c63dca3a4,0.9483670861869761
ck_be5bd81e3715cb8f,0.8496593439856652
ck_197f8058cea1fbea,0.0060196363158729295
ck_eb3fb1106f2f1b21,0.02153152649781626
ck_658b4b54be09a4bc,0.9529679610418127
ck_266ce7ccf41ccc50,0.008636078656073827
ck_110608c3b03d4038,0.26668177110901575
ck_1be8cb95d6d9bbf8,0.016076750868841836
ck_8e16a64a776afa82,0.008505860463387437
ck_34bd190d37eda534,0.029003026968209777
ck_4f521611ae14ae66,0.020966177998457843
ck_d839798f9520363e,0.22211419601838026
ck_d1bbfd246c0ac9d5,0.29255241258621967
ck_f19030e6e85a6776,0.029926483004610427
ck_cdabe60ab59f9d5a,0.032587063521697664
ck_bb84b2b30293f566,0.8045188154468478
ck_427b91925952cb40,0.029290051961120448
ck_1078b1e155b5b640,0.020237428687976046
ck_95fdc264eac72fa0,0.012508650059749342
ck_e35eb857c61548b2,0.8166453946648544
ck_69bd0b1abea7e1f0,0.4271791960200073
ck_59de511b20c842ba,0.022170583506585642
ck_168e7ea341a36b80,0.026447620335960726
ck_4937cfa6526ea138,0.008221276449537409
ck_bb1a981306b750ac,0.0513243250468534
ck_f42a43e4c3f34ccd,0.014932254122162073
ck_c7ae1d4b3ab38185,0.006371173333858631
ck_bd23cf9bba1dd33f,0.038326498312612256
ck_0fd826fad7ec7cd6,0.03157445058217309
ck_f143641bf3dd0414,0.019354097882924026
ck_ad6d48c20a3688a7,0.02844819644230105
ck_7bda5b5b927b2905,0.14021469766576533
ck_a337eb38eefdcc88,0.04288331808152039
ck_403da2a2d800df9f,0.31982903956029857
ck_aa01d5aafde73d0a,0.014154375777566272
ck_494954023f0eb309,0.05654696708202543
ck_1c6820fc38135ad9,0.02575508851435605
ck_0e0bab173622db9b,0.05209296529305096
ck_547090bf35a3b243,0.01802404674334844
ck_d69455220b21dc9b,0.023868184545304157
ck_90b4ac695b9c6bf7,0.0507699119761914
ck_8d2afe17c0082e6a,0.033833823773227675
ck_926b81c0ba528eee,0.009461414291739925
ck_ce36b0c287bd198e,0.02059921546251716
ck_8026e017909aaa6c,0.061900625177473974
ck_dfba788f35d4c372,0.024489627338419206
ck_f09f9d0e0886e0c6,0.00991343408010159
ck_4ffe0366df388604,0.015440020375382809
ck_75bb521de55644c7,0.02317635871329075
ck_81a960fddf79ecf1,0.8241639402891952
ck_8f43459991ea511f,0.01110556534406014
ck_f878b68d66fbfd4b,0.0047880426958240236
ck_e84abfc0c747c9dd,0.8492222701225461
ck_3ad3fd3cceb56b66,0.8148815167350809
ck_7cf562578c7f158a,0.023576294632932763
ck_f81a97d350397306,0.021170625326696012
ck_255d87b7fb40caa5,0.017522348521260264
ck_b3905153b9eee924,0.011768111928385316
ck_2c80a592fb4cd6a3,0.009254040880549793
ck_57deb202d4188a29,0.00918107774856478
ck_e3cb5f31d8e94448,0.7444007084051582
ck_0db62d5f7f75f80f,0.03220014764750461
ck_ced9163ea85589ea,0.06194811975982794
ck_e16528edc694fb33,0.8693641844475768
ck_78cc5ec4940fec3b,0.013624183468592706
ck_31742076e9a998f8,0.02455132227501641
ck_5ac335f02280271e,0.20469711865357404
ck_7cc2e091806cfa5b,0.1546400911853627
ck_3152c7115257f084,0.008479234396265639
ck_ab1b9d019921bca7,0.009368831886044093
ck_c33a762d98f9b290,0.0250610152472931
ck_b16a7c51b6f7a6b1,0.3768401395429635
ck_97402a153348e68f,0.03423565620595863
ck_95391029a21caa24,0.03224600154362837
ck_c2015a1200971fe9,0.009773824193424926
ck_ed4427962c68918c,0.9179414133768944
ck_c5e4a17d3efb19a4,0.33512281395019544
ck_8aec3d3dd51517c2,0.016832720689590113
ck_f5178a658225d8e4,0.038756871584831445
ck_8594f165e95316d2,0.02268666014044285
ck_f0c4aac04076a6dc,0.047905676248682465
ck_ac2f7397801036ef,0.028185060749553757
ck_d1ea4bcc407c7d5e,0.008142754778750701
ck_cce8b6657a538fe0,0.01120761303881716
ck_66d0c6d6b67a8d58,0.01943810669969961
ck_1a6b30320835e57e,0.01367993338939357
ck_8cd274cc85aa35d1,0.0581132213866799
ck_ada46085a78280e4,0.01521704255250682
ck_ce1b06623e4a815e,0.04399231222956954
ck_45e70c8a9686580c,0.05118191481340137
ck_0084d8ab6b1044f3,0.012599796793045352
ck_a5f7b6fed6df2aba,0.0653965096384397
ck_94940d783e7988e6,0.11806032130893045
ck_00f9ca84d1d8ae7a,0.005959034691167685
ck_0deb56f3f6452818,0.01781326441408535
ck_a58e900469dfc3f0,0.021598973758188967
ck_028c41b195280980,0.023506072334707948
ck_7661d7ceaeb19f97,0.009797882803452748
ck_6957905a65c47879,0.0357023080679016
ck_f7c6c26ef3c4ae06,0.03688551120172389
ck_8777beb11aabd66d,0.011883715465407268
ck_7db098a17374bbf8,0.8427921383807846
ck_66aeb00e44486cda,0.11338675585909581
ck_838c52cc1d315ec3,0.02367167206873948
ck_1745847cd4e5dc83,0.01847603549768964
ck_201687857ec8b3cc,0.02431543401640524
ck_81818169208a8cda,0.02073304683828761
ck_3303fd3f64632c7c,0.10166138542680685
ck_edf1096809e83ef8,0.004848740453023703
ck_235ce9603c7dccbf,0.12595292551992576
ck_9df7e153868bca13,0.035280882446878464
ck_3cfeade2cf270fee,0.007100519485984556
ck_982b0bf2e2b6c4f7,0.050151025268580535
ck_faeb0da678bb86c0,0.006478691590621213
ck_e86ad2fe815b6ed9,0.03470788768663914
ck_70d69e5d1bb99e85,0.060400070972806946
ck_7e9a8924eab779e6,0.6121082435281232
ck_019d5891103e7da3,0.15975077837303445
ck_14f0484b3817eda5,0.0066424159236728834
ck_85de63d278f0fbae,0.030187180230382513
ck_ae91b4cff57fb3bf,0.009844405563313657
ck_2a6d43b9f883b78e,0.5501003705122799
ck_7a4e3d553e8ab5b7,0.010980428444577842
ck_fdf89dc69f700f84,0.06919657427575697
ck_f92e04024bf13558,0.006247506814083485
ck_4a522ca2dc4831a0,0.0024763890705440657
ck_68ba25dc3385fea1,0.004313180630759669
ck_22128a4f0d033422,0.0070035670336063794
ck_5b52ee0a13c71590,0.2377311400855305
ck_59472d17debedafc,0.005626442722465372
ck_9dde2c63acda3ba3,0.009281310210378415
ck_7510b1023cd08531,0.10875204372350068
ck_071ddaaf2e4e3671,0.00935918876667291
ck_1355db6f4010232a,0.22609954028722568
ck_0a7adc2f27f98510,0.0950612468011726
ck_68250033717cd59e,0.0016694068036982531
ck_7c12de74de30b788,0.11535738345775785
ck_65491367584c730c,0.0160508843757451
ck_e9047964952bee70,0.03501940085008403
ck_5567779d6ba184eb,0.017284035904975032
ck_d6ea026357ec6477,0.01827065060685844
ck_cd7dcc884e283746,0.06289877850645327
ck_0bd77fea8ed75a15,0.01920055910616194
ck_e80883208e8d0453,0.04934804144978282
ck_2ad0ecbacd5acf8e,0.7494950996494179
ck_6c1dbee7e8fdd5c8,0.01317478081163775
ck_ee4d9a7449515908,0.004465108805334013
ck_636111f7f030496c,0.023040564058341085
ck_2c629c657f73941f,0.02347240385582441
ck_c1c9d3842d758420,0.04792371817410243
ck_e4df7faacdfe8c40,0.01013401968943146
ck_94e8142728e44380,0.015610103604151562
ck_765aaf42c5088545,0.07032144996058351
ck_e0f845159b6e6a4a,0.035422753851715755
ck_5bc07deb82edbad7,0.05756753845407378
ck_713159c5c6a7a4d0,0.9951863346033537
ck_b08afc91d9ca55db,0.02297400004283924
ck_a7bc323ffed2ea97,0.2135346399055506
ck_85ca825f905a34a1,0.018605477618685674
ck_33160c443d4b3f19,0.01527190209248916
ck_832d39c590a3ca75,0.8502238467548
ck_7d1661a34164406e,0.9750364861178793
ck_c2466fc40fc9d5ed,0.8792636285920142
ck_ed0e776c0926ce67,0.07927362708606356
ck_cdd2ebeec75bfa69,0.09803723379746655
ck_d7877684c7923ec3,0.042858379454198924
ck_7384d4d2406aabf4,0.005740952785810393
ck_b8e5244e650aa81b,0.023571991775439134
ck_25a1ea40b2d59254,0.008025915953899563
ck_b9e5b318ee4de68d,0.005466298778278548
ck_620d7ae27af83cea,0.012690901779613689
ck_40b4e264d1a12b83,0.8550351139101664
ck_b694c803b62862b3,0.005296992500846934
ck_cbeca201dbade3e5,0.025097511980782444
ck_f9b439c9161c3e52,0.07376725027548751
ck_9880410fcd10a28e,0.029214480781158417
ck_74928f5f91aa12b2,0.025009495592302425
ck_b6673bbe61d2680d,0.028665834923515557
ck_53c8315b5c30acb4,0.010387969067192618
ck_78f01d78ea79642f,0.009373271530624745
ck_8582490d6e365a63,0.022453582831564328
ck_af25c72d16299258,0.004919266734372317
ck_7905fe8e257b0449,0.010883592323050984
ck_0d16d9349e4a9e08,0.018951466447878457
ck_31b16b8848584e98,0.016719762769746314
ck_67207e3eecc02d76,0.01830546678502076
ck_e6b95ff91116a592,0.0021623817236168454
ck_c08f622bcd6de6e7,0.014429804913853988
ck_f9a68da9e0f0bc85,0.02885922066567992
ck_4072b59388976896,0.01985294513753345
ck_8ec86e853ad52828,0.03749424181589837
ck_4fecb87eaffd5cb5,0.004706895675395815
ck_d6880578428b965e,0.08663368561382224
ck_bfc82b3c1c9f2897,0.42369725256682855
ck_c340644176ca03e7,0.01875036671370401
ck_321e740066fb05c3,0.7855648578328398
ck_8929d2eb09872052,0.10006667258400193
ck_205c107cec528414,0.2587593522112871
ck_e76db7d2562f9836,0.032690615132316456
ck_9ede51c8434cff6e,0.010174330853242071
ck_492e4b89c61b7b6c,0.010170277864855875
ck_9385f5a1eeebefcd,0.05348351582806628
ck_ee52c7bf88f952ab,0.009733056636256518
ck_d8116c34302021d7,0.007068584269784525
ck_01645ea51972e99a,0.02382978102281551
ck_7b45ed23304a854b,0.012616738820128134
ck_2096d32f3d497ea1,0.2163820169114254
ck_dfbb2056f1ef7d3b,0.17877525977778813
ck_938ce30c864bc7df,0.015080305450554037
ck_ff30dda2c881a4bd,0.029731061996728512
ck_f88c79186a082beb,0.02325089184624059
ck_08c7bb0f9851cb76,0.4175560356252532
ck_2675e7a008e584a7,0.02440804281309086
ck_cbaf8a954281d4e3,0.933042621228774
ck_8b24eadf6c72b30c,0.19699239680698327
ck_ffc8e3c1377d0706,0.007464976013316688
ck_5b59e859bed5b40e,0.015362664306564992
ck_7b61717f172f9317,0.9377774946258012
ck_e5c30947b732f661,0.031643353163645555
ck_bc273f3ce79f7e1a,0.008889887663227378
ck_f69e93388b3028cb,0.28896959911462283
ck_3837ad850996ba60,0.012624950496366343
ck_36d78ff3bc033ee5,0.02291516552232596
ck_5e20953547ba4135,0.09759811243354401
ck_258d661e450ac870,0.00746288674577365
ck_1df66f537496ca59,0.048583344027738236
ck_361f535599110201,0.003408018874009756
ck_337e98c69f6e7886,0.004436193825184083
ck_d3d5b2717cfc3913,0.021327435626391587
ck_b1dba768dbe7affe,0.009561740072444879
ck_92d782bd9ce0d1e3,0.056013237214880406
ck_26bd0f8898afc8ba,0.02568664380657451
ck_7916e53daab36745,0.016939241633628567
ck_2caf553b31831a50,0.007474010885325292
ck_c6200734c7f9b2f9,0.38720796248142547
ck_cdc55623cb16e6a9,0.009321507711596096
ck_57849e15b61c43b4,0.006209855687053858
ck_b7af9b2ee0eebbc6,0.03402700797899462
ck_00aa5fc3b3bc66aa,0.08232909319891701
ck_9929723f65636c7f,0.9980857734973755
ck_8f6cce9f69912983,0.009372314783966525
ck_c422ba389ff00781,0.01216957133365412
ck_9ec7f334604a228f,0.014444732526846521
ck_5d01200ba3341462,0.010915751388611113
ck_2bf10be403849c9a,0.01601690909314565
ck_6ca018259f70858f,0.006253420181927264
ck_a54dc042ebb7c766,0.05585795797386052
ck_79da63fc100830b5,0.008405738427375558
ck_67ab6f9e05c85085,0.008516640243836937
ck_fa80da579ea9afc0,0.0022454923593673635
ck_4339f86c87289222,0.33808892565775067
ck_a2299b4f530be0d6,0.4388808743246565
ck_19db0bf788697c2b,0.020300115223270965
ck_fa4211c4d826d830,0.020379648347109734
ck_96100d5e8e051e91,0.016928360427779184
ck_5c3a671883d58b3f,0.005664590093064629
ck_2d9524787cfe1ab3,0.28825415029870155
ck_47ab8e51e5b3a2d8,0.025611649222803536
ck_c924f36bc1bbbaa3,0.0039138748013879746
ck_5c58e7f8fd55e26c,0.0067228495428402054
ck_a07e7409d6d5aa06,0.010042802746551935
ck_c8413898f5f7cb7d,0.032287950221258264
ck_577c816b41cab002,0.860807872982022
ck_9f7807ed64cdb728,0.14199293536696483
ck_495d814d6d6d521e,0.004108830941127791
ck_7aa8bc018c2b003b,0.03942624311508028
ck_7c3a6a82f3c3241d,0.04310848305098294
ck_487f7fbc290e4ae2,0.03303406747085981
ck_e556c4d36aadbe03,0.029083818019796755
ck_7e6569a1b2455cb0,0.01632677679251089
ck_de2924955926d046,0.028685674834442555
ck_73d60b4630e3937a,0.03474546033941488
ck_805ee564bd35ef15,0.02044258787687638
ck_0d40961e47797027,0.020223338537401797
ck_f06d00a4f9c87d80,0.00410243391109483
ck_5ef50fb07b6737d5,0.024137735318062795
ck_16541fc15683e21c,0.0574457905261306
ck_09fd43f1b7e2eca2,0.024433361211747412
ck_2a2c336a69b8d68d,0.08952777859971109
ck_2685f38930866af0,0.015544154051301832
ck_298278a9da874437,0.029195026048243526
ck_00bd7803f2530c68,0.03357049152886535
ck_c2b4a1d8c0b6c1cd,0.00593239654284071
ck_2acb54ca20c3af6c,0.060849511243902726
ck_e3d4b6f681c783ab,0.026400440469767927
ck_f90293f1eba5d7b6,0.0805690390583838
ck_e69d27e8965df0be,0.005197488224736359
ck_b7f5d10b427346ad,0.05498019536953595
ck_1ce20e4223a936b1,0.007997375470988551
ck_6b97d1ab90f6bdeb,0.006239974696918364
ck_e30e17db5473c7b2,0.0063284377193896825
ck_154c8efb19dee665,0.0035353482812449494
ck_6f5bb0c930644cae,0.9924397446189942
ck_9e17699baa83d173,0.006243484151697352
ck_9693b1eb70880205,0.015463770095606046
ck_1e97899875bb427b,0.011958096033046293
ck_558a82590f65df69,0.02062027170694411
ck_18df83242ff3cdbb,0.05068948654773615
ck_80ad4396e1084c68,0.04256747835284303
ck_0a993bc947bab61f,0.009723811580418098
ck_5c2d43ff841632f9,0.017357790270605016
ck_6e4b99fb9725d9fa,0.01346700854650485
ck_e0983999ca26c19e,0.025412147911959573
ck_6573c4947cc8607e,0.023412113699207288
ck_d879d645d6e44207,0.008259954212184556
ck_1375ad9f10688e4a,0.02576361794254718
ck_7501ebbf4e21f160,0.005878963787940118
ck_ca60d61cd4dc3bea,0.007040002934183912
ck_ab9ea095a5c58b4b,0.004714438548731867
ck_23756522b58df5d8,0.01628291773728218
ck_90bc176c43d85fd5,0.38230019424466266
ck_908b663b2dda94ad,0.262927115348354
ck_4df2fb8e4b649e27,0.015740772117676202
ck_5615c6bbdef05291,0.1854395723536036
ck_b62f3e3185251f71,0.0026279317415002753
ck_38d1a22850178f33,0.00849595008508143
ck_5b3ba20c8bb1383b,0.024078301466162487
ck_5576ffc6aaf6f22c,0.005918938001025099
ck_cf7a022178165e56,0.014283673236063471
ck_f2c7a4c50e2ede96,0.015234514556161555
ck_285719c77eadf915,0.010443312535572603
ck_f2aa1b677619ab19,0.009387057595167208
ck_3830c58d841e9e69,0.47605797521861454
ck_32eba3510c8eac5e,0.012622002861679388
ck_8955d7b9030d5eb5,0.0034050063719212728
ck_6775e387dace7525,0.03837017667331349
ck_0a0cd7f4be606a93,0.012467860279259639
ck_a9f700eee5d638df,0.04054828242976423
ck_3d7db96995745472,0.04829765599891891
ck_aeed557007d52e9c,0.006182620180467961
ck_79b6a86830156b5a,0.004123496970417373
ck_6a1ff9d69466181c,0.99417046685123
ck_f11b1565f986f5e3,0.014100481213871982
ck_4819327a78615485,0.01552669858951475
ck_3ed9e081959b2f5c,0.013100567933942504
ck_16af4be191c47d3d,0.006164620470117806
ck_25122cc0e8b1a662,0.02752572141462558
ck_509c22828d467ba3,0.037943469411321984
ck_31109c899336348d,0.027626679746626834
ck_c51131e53baa59c7,0.009725517501781715
ck_cf8ecabbc61d3e11,0.19384954946883878
ck_eb6baff0f85ba936,0.01998757118221675
ck_777669e2243204f2,0.7155507134094627
ck_ac0ea27e692acdc9,0.025548374004592977
ck_4c6ea04ce8ca9e2c,0.020069943430939218
ck_ca54b32fca7e94cd,0.013050943266583768
ck_4dfd8947f540eb24,0.017998063620640773
ck_95aff1fe27fb24bb,0.01779248023355988
ck_c7550723b90e5615,0.002952805500560475
ck_57b3fee69bdf85e8,0.038534698885289986
ck_f823407ace7ff064,0.062163960164422244
ck_a69084a068bcc8aa,0.11978070768928165
ck_c7b17f7b24bef5d7,0.10967832267748545
ck_7c4e588f927c27c8,0.017826853579038862
ck_77fdac602d0c6f95,0.10266575733713776
ck_e963d8525018d072,0.034567122545435
ck_6e8ebaea8f7bffaf,0.00747538714690185
ck_aa42976a31cb7770,0.007279214088420074
ck_22c862a496008c96,0.9915950437786063
ck_527550dd15f38782,0.03738377590546679
ck_b3ab3c210e2c7c19,0.009118721641043675
ck_ed9c56fdb9f45ddc,0.6119942241980579
ck_b53281da70defcfa,0.01542711143252619
ck_03009b721568ee98,0.07677801930887801
ck_3d9afd862b3f4053,0.3847101280947305
ck_ad3c4be96599554a,0.01206301689710866
ck_d1c787c27d50af49,0.06497338340362047
ck_c7a9c7b2eef46a99,0.0934957173869228
ck_53036d3c6c74446c,0.4329292812210627
ck_1b1efbd9c0964c8d,0.004990469061903231
ck_d66f42a269d5c1ed,0.021963636800168364
ck_fefc49a2b8ad993e,0.019630098934660212
ck_8b3b874249adece9,0.025510152311059277
ck_193d9c87ad3f1dad,0.007489380831692751
ck_0c6a50d747593b7b,0.0306250609541837
ck_c830f3830875b47a,0.033502165551891935
ck_79e202f06d8dfe42,0.018013666426330004
ck_5c0fe988b8aa7fcb,0.26951633154076715
ck_a8382d8345f21e1e,0.003870085788824404
ck_8cb20053914692d0,0.03167727467167804
ck_1da2f69023ca4c13,0.01832009931768355
ck_38abb60995114f8f,0.03629625024302796
ck_f5791fd8fd8fd191,0.025108116140879246
ck_a4e6fc391b674335,0.0734434334501423
ck_bd771efb4a7e15d0,0.029441351476717694
ck_38ba4a6b6a292054,0.04271315334480905
ck_f7a07283345a0dce,0.021293703125682142
ck_87dc484baaf5a23a,0.00781989622408865
ck_c84ef83489badbfd,0.02783061077513108
ck_a397cd64ec5d644b,0.04813739070342221
ck_7977135c2ff61e92,0.002237356504121408
ck_52174855b243a8b0,0.162366976120209
ck_0f35e930d0614613,0.9804979510671472
ck_b170a7db522a0d6f,0.04101436959137963
ck_7af748a23775bd54,0.018818475200822905
ck_52f641c9ee6fda70,0.025045530591898044
ck_c3719a30414bbb4d,0.028325253985413742
ck_2baf214ad6bc0dbf,0.03007661124130168
ck_8b39d8aacfdd72b4,0.16119222769245672
ck_d39b0152116203be,0.026930214017244637
ck_ed33f8a937f9c7c8,0.011591249983032787
ck_8ef97b55a5fd6ec9,0.0029447212984682826
ck_8247f008a14bd1a2,0.0049528701360589235
ck_f0d349d68249d5db,0.010857444052530524
ck_a544e766540861fc,0.03166018733959071
ck_9dfaca4c7c80b10d,0.12461223668617778
ck_7e5401c362b2216a,0.0060233793385969054
ck_64ff60c073fdb6db,0.045400736218756337
ck_fc5ea49518e5d637,0.021419228840652223
ck_580f136ced341298,0.04924090413581957
ck_9cbef9bc95449dca,0.036421332059241376
ck_e475a3b8ba870a7e,0.009425972158425982
ck_97e94708bcf43563,0.010956380578726001
ck_13f03ec785cbdae1,0.0037554953435197467
ck_152820d8817f478c,0.002257806671894509
ck_d20d4ba60eec9945,0.009525996905010325
ck_5c45968a805132e0,0.018828617080755828
ck_bebea2cf3063fb24,0.016031409056325455
ck_c3c69aefe7ea1d2f,0.01988869464661855
ck_02028b72f26fe855,0.013183302247606199
ck_dfadff70a58a9133,0.01403006929605563
ck_6482ed4491bedcaf,0.0037158199147772674
ck_754cd7b4a5ae3f94,0.008111847387947124
ck_3132857aec8485bc,0.00692373742154152
ck_7ce4ca91b8f9f1c1,0.01931399844234109
ck_41938582f4351772,0.016168461787855387
ck_f87d66946252476c,0.21161426865643324
ck_8053f1879a9b4e43,0.017301071721414648
ck_93892e91387f5103,0.07911256968741832
ck_15254db133b28371,0.013362864286010908
ck_d557b9feb241b3ec,0.008488101513212927
ck_71c3a8e4c12c989f,0.014132254916793017
ck_80e3041811033443,0.09944891711498838
ck_3380d60067b4634b,0.008269128607208938
ck_a9c2cdc758df8510,0.021316752276617803
ck_3c0031d7514da17b,0.013470704356050807
ck_18d214b1418be39d,0.02632067057865943
ck_7ce768407fd48321,0.04897735026218682
ck_7a50abd42298133b,0.01703878967643293
ck_2db10f987d137582,0.013107578319811063
ck_e077d004cd1d80ae,0.02602698602888768
ck_1cb6dc67f9a321b5,0.020269742706284476
ck_b864f64101149c35,0.058499400884005195
ck_9bedf54df9418e4a,0.0034713073213717997
ck_c47e32c47f0e6578,0.0824618175782906
ck_71f382d5e338daa3,0.0046748229312779345
ck_14b4bf7be6ac2b61,0.053749248305265084
ck_5c87eea1cc07cc92,0.1259085575841529
ck_5f445182829ef342,0.01703860570788157
ck_a5d7311291caaa54,0.034991459895961176
ck_b7df99aecef385e6,0.008897599305228052
ck_3327a0582407068b,0.0214745681433656
ck_08dba09fd7dab896,0.01234964714889563
ck_f4ec334be5266378,0.019750489333297615
ck_240f7f894c5a86e7,0.013213427546312485
ck_a9d994554fc14a02,0.004377074359394832
ck_13648cbd306eee6d,0.008203234330621817
ck_601edf9105b3c321,0.9841401136596947
ck_9527adac182abe57,0.3448633022362682
ck_4e0e80f5cc271bf7,0.008329506210610738
ck_96a89e720176b389,0.01885614752958648
ck_63560eec94b76d2f,0.0058631068579663775
ck_c9c99e5b19aeced8,0.007218870002791129
ck_bc32655ee5ed643e,0.030078069539284862
ck_edccb5a93b741744,0.010511415502793456
ck_f786cbc987b70930,0.003791467820049695
ck_0e8f26536ccc8947,0.034455014365107985
ck_b87ef4b98cfcec4c,0.025380491683746717
ck_1a9235812de4b2c1,0.016711409544325616
ck_d1ed88ea4211ba4d,0.009171447114501451
ck_a4ddac49657a4450,0.00818078217527064
ck_d9ffca35188e49d8,0.007092027924410556
ck_3db73bbe03c3d240,0.0044158977157125875
ck_fffa0622344a36ab,0.02062005610782597
ck_148c28df51bba5e9,0.44821336466659556
ck_076cbc25c8f15fc3,0.9525802347641941
ck_e5ca550b39ed45bf,0.1587622572428133
ck_8dacf3a2061ca17d,0.10002256596051742
ck_2d7394afd61643d0,0.01943099183114986
ck_e42206e91f6a1752,0.0071909011385632
ck_2f4f94827984c426,0.010528427464215185
ck_edfe8e90e8f4366e,0.05997449111308979
ck_646b15f753e5e9c6,0.06745859190458704
ck_66600620149c8799,0.0034407818730864057
ck_4ff6fc70bccfba96,0.011663117335224935
ck_41af3729590c2484,0.009417645867134427
ck_920a48ba8c583e96,0.002896579766633373
ck_0253b3e7be021306,0.009669650865200923
ck_2ae6949246ea2648,0.032130849939246225
ck_db23a5100f338d72,0.4597161208584778
ck_fcb2a559474c3493,0.02364942603881706
ck_0a4d7acd2a53cbbd,0.022398058727254665
ck_c5d62b2b7a6f3bac,0.2093077224518019
ck_cf59f4fc0ea690b2,0.006017047831851665
ck_837be8126bb19250,0.030666032440657413
ck_58955542edee1adc,0.03302544105530137
ck_1b93381d8eea58d1,0.005475873497916987
ck_97b8e05d62abdc14,0.020150369200350224
ck_71a0d645744302a3,0.17931977416864886
ck_a7b57882ab66b111,0.009050229588450122
ck_65f76421be648549,0.041005777752235524
ck_b53ea8713d32ca7c,0.011686341657366827
ck_991c4c924a1d85ff,0.3262587328636695
ck_8432ccec1a4ec7fd,0.9839488342542314
ck_64c1633297f43788,0.022350658679038297
ck_4291fd9c1161d8e1,0.012900097320553337
ck_5e98ed6391d9f429,0.034584553700873294
ck_c7baebe4549fdbb4,0.01610898847022078
ck_6e67225ba59fa5ae,0.07741066639951096
ck_719602def4d35fe0,0.02808246942066984
ck_bdee7c86f5ebe81f,0.018112167981375497
ck_8de38f8c7f91961f,0.06648866204076886
ck_b0b5bf9254700402,0.02420564146338401
ck_7b55d9bb1a250d4f,0.05328014352249982
ck_3954b7b0fd1d6614,0.002174277814681314
ck_f29471fe7c818d6a,0.16734349165755694
ck_9e65a8a2f587691a,0.010346894341666319
ck_eaec5f1a83b66eb0,0.0165849703068776
ck_004fe0daecbe2c1a,0.02603883421740865
ck_d17653a4a2d4a79e,0.013963841123464176
ck_0dd417fcbf19e424,0.010901763319683316
ck_4c99a6eadea143e2,0.08880564601481353
ck_74d602c907ee9119,0.033061325984609265
ck_1aa87cb62acc0ac6,0.004107251820399343
ck_094974d75e29fb2f,0.051551741512330204
ck_5ef935ac3d4d3332,0.015164385517512617
ck_b26e4ae47c9107ed,0.13317261259627447
ck_396cea6f95186ad2,0.009496580031352515
ck_48446a9e8184c7d4,0.0037339566967285547
ck_31e1ede23247d56b,0.14131655483401243
ck_7afefa349b960a3e,0.01848105791761656
ck_f5e02a3432571b20,0.06685328559737305
ck_64eefec062592c43,0.006101971629465004
ck_a1201284122c141f,0.012676007962141213
ck_1b34c420a4c85a95,0.013434115526964835
ck_d637a011332ba67a,0.017873292860229997
ck_99c0004d8b7079f8,0.005339209716154602
ck_948517bad569b40f,0.03801702080953021
ck_a28d6b1601b472a6,0.02174089396417509
ck_a0b4209feb31f5c0,0.9930380876544107
ck_d6d2c1f6dfc455b6,0.015180611016276064
ck_3f9e6d356d3dd3cf,0.008404401681655776
ck_d08e00c842b75176,0.00561747714177569
ck_bfdd232a7c5f2660,0.04014314423475265
ck_2cdad03ed069438c,0.02346292559643872
ck_42317c3eabd0a285,0.02293538340386158
ck_3eb73e56751c704d,0.026974682782691498
ck_ef33c04f4c9e3758,0.033499259203028674
ck_1dc23dc870f1773d,0.010142890262029941
ck_76091f357974a152,0.008353682187175927
ck_4d9eb75e8eee90fd,0.042316993215866336
ck_578f67e69e5d2cfd,0.004767820471001415
ck_3a8ce1cc724229b8,0.007767272445897217
ck_a96887f841e80fc1,0.01000456851450921
ck_d2d4a8f4a9f2c33f,0.048638545268611
ck_11f85bc705dbe036,0.015619714254594429
ck_7429b3f87528e335,0.012268107625231403
ck_26df74feac7ec51d,0.012058506338358078
ck_c78b2638fadd91ab,0.016805306533010007
ck_7eaad325abe3b50c,0.012746635415832245
ck_fd44e34af620e606,0.021205607136666842
ck_f99738dff854e25f,0.02685480615012469
ck_1ffbce3a239bb264,0.03315111234770946
ck_96c7d52ba0a766ef,0.09801004088797023
ck_cb1c00c300af3f9e,0.03656777951236354
ck_ec3d12848ced99f2,0.005907178327654049
ck_26cfd7c3c6c7bf69,0.041230484860494195
ck_7ae86b5a885affc3,0.03856905920599545
ck_3edaa94d28cd48ea,0.014349396598254844
ck_3209c530c9812e39,0.07120874984987349
ck_ea62ebfc1f04b49a,0.01642158087775985
ck_5fc90b4668ea81bf,0.014661821925884406
ck_95654593cdebd141,0.009935424657712352
ck_958c0bd61820147f,0.020145518678025033
ck_8440ef1386c07194,0.005006928398271726
ck_8cd1b68dd74b1375,0.18550496936704564
ck_c9eb4df91ff07f2c,0.0247063761584518
ck_c29489366c01fe65,0.8403597928388244
ck_c965fd6bec0f0ecd,0.04458373416745241
ck_84c402b23766e1f2,0.0248235031985984
ck_181f3dae03b87136,0.02292147436389523
ck_022a8ae79eb28cf6,0.9079293451808871
ck_469c17407d17b706,0.008065049250181817
ck_1fcc5843f39148a9,0.005278260102801153
ck_5debd55f361b2ddf,0.006614330339213993
ck_28cb9b03e89263f1,0.009598125534552611
ck_f067470743d3c7a2,0.4314876050656922
ck_d5d225ce41a1a762,0.032289114078853355
ck_15b4840922195ffd,0.1761878563249822
ck_6bcfa37c717f19f1,0.020603698526678878
ck_8d501a0386c66be8,0.14283349448209984
ck_1a9d6190c57ea7e2,0.45827256019523543
ck_c49832eabdac5bb7,0.015763846494479223
ck_b4331140b2e0d4aa,0.11205947789447876
ck_5efbea1befdefe1b,0.3335947652456376
ck_72ff52c4824072ce,0.028418574949954745
ck_ec3715add8bbb6e9,0.007094105635442131
ck_9822f8ed05335741,0.10319901308293669
ck_c3d7d3d12a1981a3,0.014244100507649038
ck_a115a7919ac5875a,0.03847917905984035
ck_4dd4ed23e0b927b7,0.10285228503542093
ck_4c76efcc1ee6762d,0.02328289360050344
ck_3ad6e7bf452c9b21,0.01996781245508267
ck_dcbab304b55a42c7,0.00512249044154325
ck_24b53090faf722cf,0.006895286691928552
ck_187317383400491d,0.025394494891498524
ck_e07fd57565c94c28,0.035980241465880906
ck_740e760fdcd27835,0.01903643655329281
ck_d3796aebda1cfed5,0.7573589275613724
ck_e541967c681cb929,0.01254100602679218
ck_431118050b834dcb,0.0025881316497623355
ck_90f3655f0c8a0074,0.01653774435188137
ck_13cd943777651aac,0.010540774684167066
ck_66accecabf3901c0,0.018057661081678344
ck_937f0da2306b2eb9,0.036841861641691474
ck_105b0c93573fd5b7,0.032886332819139344
ck_00480407160e0743,0.024498801344427498
ck_e032068be7b77d15,0.07162303008848611
ck_991b7dfd69098320,0.014323881896092098
ck_37d47cf0f34574a2,0.008687655678175997
ck_011551a596544f5d,0.009196766958771087
ck_9acd98f4fe2d474e,0.11467993741049762
ck_7c88d3d377bb61bb,0.06654518869828822
ck_e2374c7136c964fd,0.03419747623814543
ck_2fa8f2577116e9ca,0.05076071959004726
ck_d07c5b0321c685ea,0.23880249152366523
ck_bc736114a31088a7,0.03973769176448609
ck_32bb42f9bff197f8,0.01628482137115356
ck_66267bbad1f1415f,0.9972826773104031
ck_19988702ccd79201,0.007446052127301776
ck_f473a03fbcdbc4b0,0.024198283918982603
ck_e3f1d85fa5d49396,0.019631819059808767
ck_c4402ea6291df271,0.023160020910564426
ck_243bd5ca8c4ae5d0,0.005422262639196342
ck_f271e855925e8d6b,0.09647896350040368
ck_e424148c6f2223df,0.02325884333951954
ck_e4d0a9e1102a58b5,0.003945233576640517
ck_91c2a5fe69b9b1d1,0.07043986378200104
ck_5fd8924732fe403e,0.08811831360307175
ck_9a881d5433126ada,0.049807799401008775
ck_73cab88b29c7845d,0.04572404011274866
ck_5b5dea6476d4e182,0.02700635754980857
ck_ccccb17d2ca6ce94,0.02671759658630628
ck_cd1dc68e441222b1,0.39103252863098326
ck_8312c49b1431a406,0.00973273081199789
ck_25fea39897f2a559,0.010211639619289998
ck_f56200205280bddf,0.041705778750172076
ck_7336611650dcc088,0.0116679414908907
ck_590716322ff147ae,0.02046601996776872
ck_c82364d87875a1a1,0.01851369827671872
ck_fa4b60387d744fc5,0.049140195612894566
ck_d841eba8906e9a15,0.001763012858933043
ck_d6df562a79b9d0d9,0.01287073435595522
ck_59a14d2564193101,0.04679518127296308
ck_8530158e3d7f59e7,0.005022675011014391
ck_ac68d707006c12a8,0.0407474922576075
ck_976fac1bb3dd8c58,0.05033837824717423
ck_f854fba8f4adae3d,0.0464530972079216
ck_b98e9c3ec6e7d1e7,0.008803248220867919
ck_803c0b4cf9d4bc1d,0.022919521602693966
ck_76997a33c3ea5107,0.004435488921725883
ck_f1a9d832b700bda1,0.9849893633839368
ck_2bd96ddb8c323d63,0.9730847567046639
ck_9e5b7acf51b1b743,0.007706159506876014
ck_09169f22194fd6aa,0.05513795522277989
ck_6d69e092f9b0848b,0.011784816811444103
ck_9f83fa5a2d3b9049,0.006501035065345857
ck_57bbb19eecb4b87c,0.026764462497418044
ck_e0e9cfabb979f428,0.01369472599415668
ck_b1ff9edc51d42f97,0.0031230701004611363
ck_4682fad271d47eb0,0.7136274743225492
ck_ab33fb754c818ae3,0.0124290678190402
ck_b456f62b80e21557,0.003092144085608122
ck_16340be3f2a7fffd,0.009587470002415487
ck_ce66831f6611014c,0.01252071715182952
ck_4610a073bb54d1b1,0.01612449243466927
ck_fd038a7d33a9d6e5,0.032514861831002925
ck_c8198cb4c461304f,0.03169893110687048
ck_1e7de58822000dea,0.034135828518548544
ck_b2a79dd3df560f14,0.03794068581860791
ck_74a06f347b32347f,0.013228860862101828
ck_c6fdb2972417c9bd,0.027924245425843455
ck_d7607a213b800bfb,0.02102300693275081
ck_df65967b8b40319c,0.01081776330905618
ck_329a73dbd585ee09,0.01541590282662862
ck_74991a9e85c3b07d,0.014967184399216703
ck_bb76609b79e0bc9f,0.12247488116089593
ck_f7fc1bd0b9ab1fa4,0.010949206503647176
ck_d111c98b36bdb791,0.002780962007927414
ck_f07e27d125497b66,0.020240422652942066
ck_093e3a7134e11d6b,0.006519947118757499
ck_862c7953bdea48b0,0.010482748247846474
ck_392cf2cdd515c34d,0.008009478764630562
ck_80eb91b0b4001084,0.13666219717258182
ck_5923f53b77193a58,0.1294481065952656
ck_8049f5fce32be185,0.5072461554197
ck_ebc5a2c6cf88e252,0.09980826061524185
ck_9ea5872f14cce338,0.021819935122724177
ck_f7fbc95ebf584379,0.00279226659056092
ck_bafe82c870356706,0.9123287310170983
ck_278b36c5932d9bff,0.023675035431477698
ck_6a892dd5d05c1649,0.03949357229758342
ck_0734fd90b2cabd43,0.03154591496897719
ck_9b552204498b6762,0.016410005448475384
ck_f6c909c205767956,0.03363612571512572
ck_32f590e87bc3d715,0.0029280974079356034
ck_66a8325f28be7562,0.01961044720330481
ck_b129261da9c3c3c9,0.01900257379601424
ck_a524071c51ddde20,0.02491034790138217
ck_ba576d6d4cb6130b,0.15951733439582755
ck_8d8226520722af78,0.05416924677273698
ck_c5b0f0d4f1655a20,0.02466547876928509
ck_61814ae9b6d8eab1,0.04751182090237129
ck_382ebf136f7fa337,0.2095354239381381
ck_423ff4ede6a9f066,0.2518438811996213
ck_546ad962d04b7de4,0.8655786744832196
ck_9473ea4a01c95f9a,0.08536225332121812
ck_9eb1da8cd35a50ce,0.012739990778228185
ck_de5eaa2cdbcb67ff,0.050561830541088496
ck_537cc97d0398c922,0.11028086747439828
ck_998475a2e4dfad4e,0.01830583449658693
ck_e62eb708d2688fae,0.005624292620637475
ck_ea623358f704daa7,0.04930936929351497
ck_b911a09f328dfd4b,0.03229948728547232
ck_4b3506b624e5193c,0.023557298938200053
ck_448456f96788713b,0.03496480952297818
ck_5d5ef9e75f65d076,0.01271267747713297
ck_3b74512f774a6e5a,0.02376397834521156
ck_a032e8ac1507c6df,0.6955167304267401
ck_7e2d6b22a0ae20c2,0.1611723448709356
ck_d80283209c963f11,0.012270298362723489
ck_d1157eade2ac3975,0.019366688072963052
ck_be48f583f79427f7,0.020376280900275212
ck_0027b5d4107d65d8,0.05520856064754967
ck_94fff69584dd3b2a,0.01975953329105709
ck_75fcda73f0b43557,0.011311756503897772
ck_a1c78972e4ee4082,0.026289674628801944
ck_f0982bbdbd122f91,0.003849393035443699
ck_3199b471575aeb3a,0.003568504685443884
ck_7fa947a0b1c1cf74,0.17601239570289393
ck_a60c618b7f0e4252,0.012495630939166226
ck_722ac47c8ac9b6c3,0.17347579143431824
ck_d44dc3839a195c8a,0.2253602101061781
ck_a2c3e82fab520483,0.025525327294343907
ck_6f8ae0319c07cafe,0.009112371795029208
ck_49886ff1e2c759d6,0.05447997441381158
ck_150a1108f936e6b0,0.007508989907819306
ck_e21f9f96f597695b,0.010038774786104062
ck_7297bff2b7fdcbc8,0.009034302135296652
ck_ee949c71f4f702eb,0.8775815009829245
ck_6fc37dea4b4f35c6,0.07184662347647137
ck_e76257caa98dc25d,0.9085375400145062
ck_828eef2334e17b3a,0.004686843126691955
ck_604e1b8a8c693aa7,0.07454360855174244
ck_7743c9fe037d1f9e,0.06301356043219333
ck_864a11202e19e812,0.14406117765964427
ck_4ec040b9e3785e4a,0.2036646349729701
ck_7346e4f820d9c00a,0.7790895274876738
ck_48d4d63beb26b623,0.12200767519300405
ck_c423aa6de3ed1e01,0.004798997940702933
ck_d74b2ead8aaa3f73,0.006594729258461907
ck_1dd69a11daa7bf1a,0.02865455425839283
ck_d9143e236eef177f,0.01994028549320221
ck_f790d91e5ff0eccd,0.023586765333621647
ck_69b5620e00ef5dec,0.005935135691589743
ck_cd32e58e8a1c0e85,0.022335885568094207
ck_064013b0957d87a5,0.9889826000155982
ck_a481385c2e60dc4a,0.011374226640299887
ck_d72035cb29db3aa4,0.010211324427823526
ck_3759939a0205306d,0.021595673047947538
ck_f437a53fc832ec95,0.07860566897585759
ck_260ef2f3e6434819,0.05741959988249849
ck_35e411b05d22f663,0.051551307102524736
ck_8bf46e472f3e20de,0.24936469657355517
ck_d546994fc5d3e9d1,0.005863005637609026
ck_6ff0fc7487e737e7,0.2877647627866434
ck_5c67f27816ae0b6f,0.01352408695349516
ck_c5517923458106ae,0.0054521639995029295
ck_d9735647a6b0b0a7,0.7959653071577922
ck_541a734fc457246f,0.038634798694942206
ck_2f6a639468f41043,0.008370176676272803
ck_bea2cf7a6b7bb900,0.0064966967068028104
ck_7eebd0e6ad6c070e,0.011222200107668034
ck_b64c87d5e3b10e6a,0.4745976774501039
ck_9dd7daacb7833233,0.023144595093127152
ck_396e9ea9a6c6d7d9,0.06251236680798374
ck_1645e6cc53fa99ff,0.03300453950074261
ck_ea2a83ccb8d57490,0.016748684595536856
ck_e64f0df63e1be595,0.03027408807442641
ck_fa0b234481cb57d3,0.031982071331631515
ck_63379e3c9fe6f711,0.10170349975905113
ck_c67f7944896a0310,0.047758362046031566
ck_c10e54c9db29e6ef,0.9786953676478957
ck_7184ad7709ae4c80,0.020492722137010734
ck_f8b6069d7577fde6,0.020069640095154
ck_18444be153bac1ca,0.48833116330181275
ck_d0982b4e0e118e4d,0.6948543111594159
ck_6faf3e6820398866,0.002693191909592509
ck_97e980463aca4644,0.024851755740408005
ck_630c835243c66b19,0.8759102861728352
ck_fe429ba3e1aa0e4f,0.006877474186405421
ck_1058129ed7b48c59,0.022204525076766884
ck_04a1a46f07885296,0.03451942367624582
ck_f01e94331067edf6,0.00935288823202671
ck_77b2fb17c29f5e72,0.010452311927065245
ck_4f0c5857da45fb28,0.01871148955567831
ck_2cfb9a7775e8a5bc,0.9733971502577762
ck_6846100e43659bf3,0.010061980080255044
ck_f89719a854fe11d7,0.029899836877594024
ck_bf47375e41ca3bc0,0.013761363267116874
ck_2770b0400a7bef08,0.23831782170968396
ck_2a09d142de1c77ff,0.00766269478656267
ck_857a1f5547b9ad68,0.036092453391248794
ck_185f15b1523bbcf4,0.005272109032119995
ck_ab2aed614ec1cdf8,0.013372980321713824
ck_a9e7f3b2d5dfd97b,0.007065796023062153
ck_0eeb3d9b3e697edb,0.01165851812914114
ck_fa5830d81bc8ddc1,0.12533690732298206
ck_231ae0329ebc3220,0.12585702132093535
ck_1587763dd54688c9,0.04752738931796342
ck_9f85fea4490c00cf,0.009719413228521179
ck_a2d709e7eb91e4af,0.026013450451141996
ck_43637d28c7216453,0.008934306590290713
ck_f3ab5dd853d38252,0.0338394926237702
ck_4a1f0172d3bf4fd3,0.014758543822294416
ck_517620ca16505af0,0.012154230119586764
ck_9ae904fbef56065c,0.02572037963108913
ck_d5ef1f6e34bb35b8,0.06024257903929265
ck_ff42557857ae3aeb,0.023584368038747593
ck_ad9a18f58589faa7,0.023822643725166837
ck_df1a6edaa3e6b271,0.009540192494775269
ck_99021fe7225b5a68,0.017638382383112147
ck_99e52c3c2530b69e,0.9900922319545868
ck_3a4811dc4a1a891d,0.0301672954593252
ck_ba3a6be026c87079,0.008298000742435497
ck_da6d1e5cf6aba6fd,0.008251679015718315
ck_ddc7c1f3d45fe6e6,0.049719532732212274
ck_e1b1e7a7e4a15b3e,0.09916492768691132
ck_8288f7f226e08b89,0.011612982578693904
ck_c4524993ec31dbe5,0.035288643461264146
ck_8b19bb5b23b6741c,0.003814787020495124
ck_d21b38231a8a9f4a,0.15145526445941557
ck_3f730318a9792292,0.015213566969731213
ck_a4db6e94a8f77f9d,0.05200631970152012
ck_a8cac8d480306839,0.014376384009053857
ck_5472214011fbc2a7,0.008579182032481395
ck_7356f47dbbbe7904,0.036813790063359074
ck_16801e628e883d78,0.005807141145163874
ck_0dc1e536231c4860,0.007155771633338713
ck_7cd0634a6e60af83,0.003058956658297258
ck_ef6f8e048ae1bd4b,0.017371303113894638
ck_82f3f744209888ac,0.047336867965852514
ck_f33188c232a03526,0.18046101171928144
ck_4a59f4e10bf45d7f,0.006653481977172461
ck_d96c893721385e4e,0.011681168184574571
ck_f65ab819373edb37,0.020852282040798104
ck_21cac21fc10b7768,0.006030866468718569
ck_139b54e6ccbdd7da,0.06252317095064026
ck_d6f5c8741697abb3,0.015902757310247612
ck_a28d9bb5590d458f,0.12589335780029962
ck_ed26d906883bea0a,0.03956224804725898
ck_227602ad072b838b,0.00930291489686807
ck_39d5f6c17c745ab1,0.014548275453521987
ck_744eade757ba69b5,0.023270555070615984
ck_c1295d97cdf35ec2,0.002109390663786951
ck_69105f881da3c821,0.012286726397657034
ck_933789b55361d7c1,0.8804231916024272
ck_b667952253503174,0.0271959116059713
ck_7bf668e25abeeb05,0.003941409142789253
ck_91742711dfdffd56,0.03141315672152636
ck_af32a0660090dd68,0.1008029442411949
ck_2122f201e65f76ee,0.005369104092081764
ck_f48acb73a5d6af07,0.01930121184190423
ck_337c5684510cf432,0.01765072661200353
ck_f7bde7265053364d,0.01201931501919594
ck_c190c7b924edba75,0.07608791292950422
ck_044fa3b3a003f0b5,0.017014105991338974
ck_87eb43e3b9d96169,0.05716924153791468
ck_2d3d6c9364362017,0.006256540724778297
ck_ac55dc6cbcdf8228,0.005659464838769008
ck_61d7b0568ec5d6cf,0.011330957045038715
ck_89c74feeaffa7d09,0.01212851691854588
ck_93776b0c113f41f0,0.01338726772903245
ck_15e0b679931f7a8d,0.018740233564362004
ck_77b56c49cfdb1d81,0.18581916264841306
ck_73188a826b5f499f,0.010277261375397384
ck_4f463ef25325ddfa,0.39973749863206565
ck_863db2e394dc47d1,0.42771552022496984
ck_d52432ed597f3cc9,0.010440225950357545
ck_04fb61e5739642f8,0.06474866247706546
ck_2e481d75d110c06d,0.3576456780936965
ck_3fa1a523d77cd619,0.03025026741574877
ck_466dc6274fecd708,0.012786239375178516
ck_e1790b3aa2241b10,0.6569837913073847
ck_84ad096a46e1a960,0.023106948174040562
ck_3be72c9c178fa00d,0.12318031488258026
ck_5a17c89219d1d9fe,0.008910561376505862
ck_4f639f4ee6ce8d9e,0.11721912859822957
ck_f4ec4a935e51b4db,0.01905697307714512
ck_f04040a830f92bac,0.06370757255489902
ck_3e4d02a04be2aaf8,0.021673524722607626
ck_4d1baef193cfb900,0.05692318576171729
ck_0fb3153d37626b75,0.040048840343739234
ck_88ec57a11b11f702,0.3362158999911817
ck_dca9dc465f759db4,0.009541625951556302
ck_64f5fba6af67e024,0.04279533755725564
ck_896096cb167254ef,0.028308495434607006
ck_7878679065876b98,0.10346104797850333
ck_fe8e5a6c880ceb4e,0.004323448023572025
ck_a5e036327d3d1862,0.004961818539859761
ck_310f73940fc4cf4f,0.009885068701503253
ck_46a8db16ad00b749,0.008056027629605413
ck_0d33977c3de8cfaf,0.9854748894275985
ck_c6fff412f531db0f,0.005479384234965377
ck_bac6dadf428eaea9,0.03718109418663053
ck_1b96d9af0d7da2d5,0.007569610278854701
ck_fa8a4a9e77799fcc,0.00495008116161144
ck_0bf48607a874b4d1,0.028455505843469064
ck_eeb75f8a6439f65e,0.023197959133762647
ck_a209a5f7d172125e,0.013450779690383658
ck_8f346b72fb40bf14,0.011976619354382422
ck_bccbf9fef367f00f,0.020560388455648906
ck_2d1548f1ee405cc9,0.03707276787929125
ck_e8298ff2dc1e9d50,0.0034715847112814532
ck_77c0fb524edb4a94,0.018345908125526944
ck_28ac4c5134cb8e77,0.012633914188009248
ck_db23a0e3e54be60c,0.09200071287473006
ck_a059d00cee5cee99,0.019803166800679672
ck_3e9e3bba8bd363af,0.027811495076996887
ck_0428728df24cdab4,0.01229941730786713
ck_88cd35378075c84f,0.008979852523930729
ck_0174d76398d9dc0f,0.18928619856680579
ck_3f1287e6c27de0dc,0.008872908981465198
ck_ff822700f3605e06,0.9994221360608763
ck_4563227b2038ae07,0.06270604363725764
ck_788e78065526ee19,0.012768156055684996
ck_8a16eb584093b12f,0.011298944540660182
ck_cc276f71ab6c08fd,0.03696153609285703
ck_d61d97b21002f3e9,0.07683886922860408
ck_4b2e87d86a5e415c,0.04971083977733318
ck_3e6f35e4500d2f2a,0.007808384712722032
ck_3acdb083e0d8ad61,0.013597707325650379
ck_cd655202db489010,0.03632075015389719
ck_829cbf5ccda481ae,0.005860028488609635
ck_f5882e6f98b8b4cd,0.010998764014625897
ck_767947540b234add,0.02085640634145795
ck_a6e8e8f535b1f1d1,0.1207773347919241
ck_58412a2674fea506,0.007636222788014626
ck_fae7e518a585fa61,0.028915971976214195
ck_9c60ae6958d68dbd,0.1645439029627937
ck_328696b8f5e54ec6,0.08693461034956278
ck_7df3f8f4f1068d62,0.01141239019055457
ck_cfadd21458230ef7,0.02380680668009104
ck_7048bedd554c703b,0.02203352193844373
ck_50422466f145bfd7,0.017406276795783666
ck_61e1f7168cd9ff25,0.05385560895386566
ck_733aff0f56f5b3c9,0.03397377708875072
ck_e14892e424180549,0.012308721364175932
ck_03f6664a96de7d0f,0.029451107513843198
ck_b7f4baa2cc82fe61,0.008389521111430072
ck_1e51199a075ca0fa,0.005743354509750333
ck_0e70516fa07cfb17,0.7840339142909601
ck_0f37c554a5057801,0.01665610827109585
ck_5576b725de38d106,0.00842772868681528
ck_82f360df1e9f4eb8,0.03674924667349663
ck_395f3bd4aacd7ca6,0.012224820225982373
ck_5e8e857b63966609,0.01910609661843883
ck_93470896f0804b6b,0.9687347753394088
ck_3be854e42e76569a,0.1368224393563768
ck_0567302c57a2417e,0.26936872314580423
ck_ee535461b5f05539,0.1305186148594631
ck_94a096c36162a153,0.01212648960164883
ck_dfc8f5c141fd7c63,0.013145608126132349
ck_98b34f2d704c1c2a,0.02019355592593699
ck_96dff7a09d45f116,0.034844696038940234
ck_79557434c129ba52,0.09188289668980955
ck_4596624a7c01d501,0.005497993078622264
ck_04e89fbd739243fa,0.0034868699961146696
ck_6149ffaf18872dc8,0.014013896191165727
ck_cd78f0832a09bd8f,0.02955825497987051
ck_7e29c10d781c3b41,0.01119832746860254
ck_1f7ee7b23fc6f2f4,0.014577640602865264
ck_c49b685d2b3ab89a,0.012463583360560209
ck_84569a8fc50e73ac,0.007338523177621289
ck_b92b11d205af91eb,0.005972107271731118
ck_06280e6d6d2485b0,0.004442497179223432
ck_3c08546dd0c92863,0.011960957016525114
ck_99d3983f907828bf,0.02312034686985951
ck_eccfd552aa652d3c,0.014495794168752687
ck_0cff8153881875ba,0.01662808714788436
ck_c1aebbeca6ab5ff9,0.006421579750338463
ck_538fdbbb3c2bcbbb,0.01954891057779537
ck_8c0210322733c718,0.005900703853138059
ck_0b0c93039f987abc,0.018129765886621515
ck_6d07d6d1bd227d37,0.2646829367908076
ck_9b6ee35e8cd0b11c,0.017862347075524802
ck_d838491d3d4f5ecf,0.00929488657277826
ck_0593ae243a9ebee9,0.015210263865426966
ck_ef261fc09be8eb0b,0.012543766994261876
ck_d0935b571a4a3868,0.01388480490699304
ck_97d04a67a104af39,0.025354879648166982
ck_e25f70d0b7229420,0.008894410233052803
ck_9b71274ff83de482,0.9793652892170631
ck_6de2aa2bb60978d3,0.04268292390564555
ck_eda55c8fb47593d7,0.014733971425773484
ck_924e572517515f19,0.17806163222095184
ck_d6f27eacbad310f4,0.010984966458948645
ck_8550f229b5eb03ab,0.0031068411350186455
ck_e3e95546a84d0ed8,0.019002444692553005
ck_3135c019696ee6af,0.9884781474739439
ck_41ba315d8fccb559,0.011010597793325425
ck_72b86e4485da2d0f,0.9088883325495303
ck_daaa995f3c2f0e47,0.09847750154532381
ck_053746067839696b,0.011743524081251415
ck_a15fe7d0f4b65c33,0.5789949636276074
ck_15de11438732bb05,0.012217193243361523
ck_2c4d25acbe3fabd9,0.031379184871936215
ck_7f08078908599bd2,0.0048711716236424394
ck_e794741742fb2619,0.031214861452623074
ck_238e53b6dee8c301,0.005868998598026433
ck_53a6a33060d5c8b8,0.010399193519739931
ck_0e0919292ad33472,0.6089281317183396
ck_d86ccf148c06c8c8,0.01324648431867249
ck_c881f26c9bf9ae42,0.7994294488388279
ck_4b0947bf94e9d847,0.017003051307905033
ck_e10ff5c38bd18470,0.02622025275067895
ck_b60de9e97aad9e45,0.39731463169534986
ck_190bc849e5ff5401,0.03512749354548319
ck_e7be077aa0b2632c,0.10810029127139174
ck_a51abde881ebeff3,0.018582914737126748
ck_2208392a9f6bd249,0.007760999225278719
ck_0259da8f109017e9,0.04094128814069734
ck_05e01ab9c95449da,0.022973744929217232
ck_c82897ebffb6ae66,0.004251679615812131
ck_b4a6bb4689cd7cfa,0.02676570993774824
ck_9e21ea33018ce538,0.011758811811407808
ck_caa348f0e65db062,0.719849661792188
ck_a964e6b5d8415334,0.5674918596526227
ck_510bfbbee37ff436,0.0030225497379311283
ck_9741a82faf5c7889,0.07022082319118166
ck_e7f61b4a39ba98ac,0.012861887173649594
ck_069d158665a53909,0.016346143292840704
ck_6426427efe3228af,0.02184170806784206
ck_ab4a8d02ec3c0fd7,0.006267808910408416
ck_aefa0d8d933e0eca,0.01608817550117878
ck_232325ef6bce92f1,0.007834236116669347
ck_14e58c3fb26a2b4d,0.018960252645963488
ck_06e73afdec26aecc,0.13968914984780711
ck_3168f4f2778d64e1,0.005472205615186147
ck_ff3998d6858daa21,0.007240853508653615
ck_bccff46fb0868454,0.23076461867559103
ck_c7d444d90fa86d7c,0.30899588328023003
ck_f0bc3bdee6bfbb94,0.03291735874758138
ck_f7112818a6d81422,0.028695582774095722
ck_aca35dbcb835ad02,0.06647571223936749
ck_f637fabf0f60528f,0.07752313020799358
ck_53d17ab97de1ac3e,0.06139894833008522
ck_c8c1bf16d9113493,0.010441248226593461
ck_e842fb0cf055a83b,0.03964688789311656
ck_93c0cb3dac4891fe,0.008123243087993327
ck_0c1f088e17e46daf,0.03589813677632383
ck_8f4b384955bf57c9,0.002541565204515294
ck_09cd5c4df1e81ac2,0.03574422341815609
ck_1e832a5b2342554f,0.057373560904317396
ck_2cb763a881aee27f,0.016241671499244593
ck_5875828b11406398,0.006564305179993181
ck_48e84b0cb0b90fa7,0.020492722137010734
ck_833688de8629c5c0,0.010482985591978728
ck_117d78ccd5820f36,0.0063859147010439975
ck_668ec61c4c39cae3,0.003288732051747086
ck_73a7794b659d7a34,0.014667138318965918
ck_10f90d879209734f,0.013616174858687565
ck_d1d079913aa158bf,0.015141909922691073
ck_01c631b38e8a9535,0.022890867422712954
ck_f6923088c17a04e2,0.13441522538936765
ck_b447badc9138987d,0.02928705541245936
ck_8b772caed8f1541c,0.012655518544841341
ck_5403c76fe68a08ba,0.09485725292860205
ck_3e6833574edf1736,0.012278782892127395
ck_e527fbb9450a4581,0.38247006822486596
ck_cc90e219f1ebf390,0.0041307920923613385
